asin,brand,review_id,rating,title,body,author,date,verified,helpful_count,sentiment_compound,sentiment_label,aspects
B0BDIVUZZP,American Tourister,R0T9NT3W5UZBI,4.0,Great product,Got this on a deal. durable and lightweight. Suitable for weeklong use.,User_38930,Reviewed in India on 3 Apr 2025,False,0,0.6249,positive,"{""durability"": ""positive"", ""weight"": ""positive""}"
B0BDIVUZZP,American Tourister,RJ7XVG0FN9XUY,5.0,Happy with purchase,"Excellent product. durable, durable. Delivery was on time and packaging was good.",User_8331,Reviewed in India on 8 Jan 2025,True,0,0.8834,positive,"{""durability"": ""positive""}"
B0BDIVUZZP,American Tourister,RQJIUJV6OH9SD,5.0,Happy with purchase,Got this on a deal. spacious and premium feel. Suitable for family use.,User_7175,Reviewed in India on 28 Feb 2025,True,0,0.5719,positive,"{""size_capacity"": ""positive""}"
B0BDIVUZZP,American Tourister,RT84AZYTJXEPQ,3.0,Average,Mixed feelings. TSA lock but wheels broke. 3 stars overall.,User_95646,Reviewed in India on 24 May 2025,False,2,-0.5719,negative,"{""wheels"": ""negative"", ""durability"": ""negative"", ""lock"": ""negative""}"
B0BDIVUZZP,American Tourister,R1T2TALA753LC,4.0,Highly recommended,"good warranty. After 2 weeks of use, no issues. spacious. 4 stars.",User_75364,Reviewed in India on 3 Feb 2025,True,2,0.4716,positive,"{""size_capacity"": ""positive""}"
B0BDIVUZZP,American Tourister,RFSV871YZOYN6,1.0,Bad experience,Used only for one trip and scratches easily. wheels broke. Not recommended.,User_60177,Reviewed in India on 4 Apr 2025,True,0,-0.6696,negative,"{""wheels"": ""negative"", ""durability"": ""negative""}"
B0BDIVUZZP,American Tourister,RCCBLSKRT05UI,4.0,Happy with purchase,Good buy at this price. build quality. wheels smooth. Will buy again from this brand.,User_62993,Reviewed in India on 26 Jul 2025,True,0,0.765,positive,"{""wheels"": ""positive"", ""material"": ""positive"", ""value"": ""positive""}"
B0BDIVUZZP,American Tourister,R02DGTFGQ5C34,5.0,Good buy,Used it for a weekend trip. build quality. The wheels smooth part is really impressive.,User_13833,Reviewed in India on 2 Sep 2025,True,12,0.7574,positive,"{""wheels"": ""positive"", ""material"": ""positive""}"
B0BDIVUZZP,American Tourister,RHOCN9J2QP89U,2.0,Returned,Used only for one trip and wheels broke. wheels broke. Not recommended.,User_95163,Reviewed in India on 16 Mar 2025,True,0,-0.7345,negative,"{""wheels"": ""negative"", ""durability"": ""negative""}"
B0S4F8CGVY,American Tourister,RYKL1CQ99CHJ7,4.0,Worth the money,Got this on a deal. spacious and lightweight. Suitable for family use.,User_10016,Reviewed in India on 8 Jun 2025,True,0,0.2263,positive,"{""size_capacity"": ""positive"", ""weight"": ""positive"", ""value"": ""positive""}"
B0S4F8CGVY,American Tourister,R7EEDTJVZHWJR,4.0,Great product,Very happy with this purchase. good warranty and lightweight. Used for a short trip and worked perfectly. Recommended.,User_7658,Reviewed in India on 3 Jul 2025,True,0,0.9516,positive,"{""weight"": ""positive""}"
B0S4F8CGVY,American Tourister,RPAC56T4UFEL6,4.0,Happy with purchase,"stylish design. After 2 weeks of use, no issues. premium feel. 4 stars.",User_6229,Reviewed in India on 12 Apr 2025,True,1,0.3612,positive,"{""design"": ""positive""}"
B0S4F8CGVY,American Tourister,R935A0L7253J2,5.0,Worth the money,Quality is good for the price. stylish design. spacious. Happy with the purchase.,User_15168,Reviewed in India on 13 Jan 2025,False,0,0.8176,positive,"{""size_capacity"": ""positive"", ""design"": ""positive"", ""value"": ""positive""}"
B0S4F8CGVY,American Tourister,RXOKC1MSY4LA5,1.0,Not worth it,"After 3 months of light use, scratches easily. Customer service was slow to respond.",User_35237,Reviewed in India on 6 Oct 2025,False,0,0.1862,positive,"{""weight"": ""neutral"", ""value"": ""positive""}"
B0S4F8CGVY,American Tourister,R6GBPS3Y70HP8,5.0,Good buy,Got this on a deal. TSA lock and good warranty. Suitable for weekend use.,User_44279,Reviewed in India on 20 Jun 2025,True,0,0.7003,positive,"{""lock"": ""positive""}"
B0S4F8CGVY,American Tourister,RZTGXN0GUO4KH,1.0,Returned,Got delivered fine but wheels broke. Definitely not worth the price. Avoid.,User_77019,Reviewed in India on 20 Jun 2025,True,0,-0.5498,negative,"{""wheels"": ""negative"", ""durability"": ""negative"", ""value"": ""positive""}"
B0S4F8CGVY,American Tourister,RWM31YIHAIR4C,5.0,Happy with purchase,"Excellent product. wheels smooth, lightweight. Delivery was on time and packaging was good.",User_55321,Reviewed in India on 21 Oct 2025,True,1,0.8834,positive,"{""wheels"": ""positive"", ""weight"": ""positive""}"
B0S4F8CGVY,American Tourister,R2ZQU7EEQTUL1,4.0,Worth the money,Very happy with this purchase. wheels smooth and TSA lock. Used for a domestic trip and worked perfectly. Recommended.,User_59008,Reviewed in India on 20 Sep 2025,True,5,0.8977,positive,"{""wheels"": ""positive"", ""lock"": ""positive"", ""value"": ""positive""}"
B0S4F8CGVY,American Tourister,R4J1RIPZIM6CF,4.0,Worth the money,Used it for a weeklong trip. premium feel. The lightweight part is really impressive.,User_51205,Reviewed in India on 23 Mar 2025,True,0,0.6697,positive,"{""weight"": ""positive"", ""value"": ""positive""}"
B0S4F8CGVY,American Tourister,RO18A5UR7KO64,5.0,Good buy,Quality is good for the price. build quality. spacious. Happy with the purchase.,User_71545,Reviewed in India on 24 Sep 2025,True,5,0.8591,positive,"{""material"": ""positive"", ""size_capacity"": ""positive"", ""value"": ""positive""}"
B0479T6VXD,American Tourister,RAT9MX2X18HAF,3.0,Average,Decent product. lightweight but unfortunately expensive. 3 stars.,User_17544,Reviewed in India on 16 Feb 2025,True,0,-0.4767,negative,"{""weight"": ""positive"", ""value"": ""positive""}"
B0479T6VXD,American Tourister,R2FLU7U6N7HV3,3.0,Mixed,"Has its pros and cons. stylish design. On the negative side, color fades.",User_32830,Reviewed in India on 4 May 2025,False,1,-0.5719,negative,"{""design"": ""positive""}"
B0479T6VXD,American Tourister,RNSM43D8W3ZP0,5.0,Happy with purchase,Very happy with this purchase. durable and good warranty. Used for a family trip and worked perfectly. Recommended.,User_86256,Reviewed in India on 9 Oct 2025,True,1,0.9485,positive,"{""durability"": ""positive""}"
B0479T6VXD,American Tourister,RKQ1UYMRLRMJK,5.0,Great product,"durable. After 2 weeks of use, no issues. spacious. 4 stars.",User_79139,Reviewed in India on 23 May 2025,True,1,0.4404,positive,"{""size_capacity"": ""positive"", ""durability"": ""positive""}"
B0479T6VXD,American Tourister,RYXR2DHYLURTP,4.0,Worth the money,Quality is good for the price. premium feel. good warranty. Happy with the purchase.,User_98771,Reviewed in India on 18 Jun 2025,True,0,0.886,positive,"{""value"": ""positive""}"
B0479T6VXD,American Tourister,R8YG0JV1V93KM,4.0,Excellent quality,Good buy at this price. durable. wheels smooth. Will buy again from this brand.,User_40618,Reviewed in India on 1 Sep 2025,True,0,0.765,positive,"{""wheels"": ""positive"", ""durability"": ""positive"", ""value"": ""positive""}"
B0479T6VXD,American Tourister,RUQPGB7R3OCWB,4.0,Great product,"Excellent product. premium feel, wheels smooth. Delivery was on time and packaging was good.",User_20555,Reviewed in India on 26 Oct 2025,False,0,0.8934,positive,"{""wheels"": ""positive""}"
B0479T6VXD,American Tourister,R6KVPUC8D1WJC,5.0,Good buy,Quality is good for the price. spacious. good warranty. Happy with the purchase.,User_32439,Reviewed in India on 6 Sep 2025,True,0,0.9081,positive,"{""size_capacity"": ""positive"", ""value"": ""positive""}"
B0479T6VXD,American Tourister,RK4CIJ2V2HEIF,5.0,Happy with purchase,"build quality. After 2 weeks of use, no issues. spacious. 4 stars.",User_35816,Reviewed in India on 27 Mar 2025,True,0,0.3612,positive,"{""material"": ""positive"", ""size_capacity"": ""positive""}"
B0OJTPV60V,American Tourister,R9P38QOLDFORX,5.0,Worth the money,Used it for a international trip. good warranty. The premium feel part is really impressive.,User_53488,Reviewed in India on 27 Sep 2025,True,0,0.8122,positive,"{""value"": ""positive""}"
B0OJTPV60V,American Tourister,RTOGN1W1HT7PZ,4.0,Loved it,Quality is good for the price. good warranty. build quality. Happy with the purchase.,User_16915,Reviewed in India on 1 Oct 2025,True,2,0.9246,positive,"{""material"": ""positive"", ""value"": ""positive""}"
B0OJTPV60V,American Tourister,RQE3RZSJ49ITN,4.0,Great product,Quality is good for the price. wheels smooth. spacious. Happy with the purchase.,User_79561,Reviewed in India on 17 Mar 2025,False,0,0.8934,positive,"{""wheels"": ""positive"", ""size_capacity"": ""positive"", ""value"": ""positive""}"
B0OJTPV60V,American Tourister,RKKV9RFTMTTQL,1.0,Not worth it,color fades within first month. zipper issues after months. Going for a different brand next time.,User_25727,Reviewed in India on 23 Apr 2025,True,0,-0.1695,negative,"{""zipper"": ""negative"", ""design"": ""negative"", ""value"": ""positive""}"
B0OJTPV60V,American Tourister,RNX39RBSV55PS,3.0,Average,Mixed feelings. durable but wheels broke. 3 stars overall.,User_60890,Reviewed in India on 1 Mar 2025,True,1,-0.5719,negative,"{""wheels"": ""negative"", ""durability"": ""positive""}"
B0OJTPV60V,American Tourister,R444NLZ15BCW7,5.0,Great product,"durable. After 2 weeks of use, no issues. TSA lock. 4 stars.",User_30817,Reviewed in India on 24 Feb 2025,True,0,0.4404,positive,"{""durability"": ""positive"", ""lock"": ""neutral""}"
B0OJTPV60V,American Tourister,RLCMPIOYGGVNY,5.0,Great product,Used it for a weekend trip. stylish design. The lightweight part is really impressive.,User_66230,Reviewed in India on 19 Mar 2025,True,1,0.8268,positive,"{""weight"": ""positive"", ""design"": ""positive""}"
B0OJTPV60V,American Tourister,RPMVXPJ4HNRIU,5.0,Great product,Used it for a domestic trip. lightweight. The good warranty part is really impressive.,User_76341,Reviewed in India on 10 May 2025,True,2,0.8908,positive,"{""weight"": ""positive""}"
B0OJTPV60V,American Tourister,RI2HGJ11YEDWB,4.0,Loved it,Very happy with this purchase. premium feel and lightweight. Used for a weeklong trip and worked perfectly. Recommended.,User_58779,Reviewed in India on 2 Oct 2025,True,0,0.9312,positive,"{""weight"": ""positive""}"
B0OJTPV60V,American Tourister,R25NSJF678K52,1.0,Disappointed,Looks good in pictures but scratches easily. Also scratches easily. Returning.,User_62385,Reviewed in India on 3 Mar 2025,True,0,0.7269,positive,"{""design"": ""positive""}"
B0OJTPV60V,American Tourister,R2ATQYYV37DIA,3.0,Mixed,Decent product. good warranty but unfortunately zipper issues after months. 3 stars.,User_74584,Reviewed in India on 11 Oct 2025,True,0,-0.2846,negative,"{""zipper"": ""negative""}"
B05EQY08P0,American Tourister,RMOGE4QXXVA2I,4.0,Happy with purchase,Got this on a deal. wheels smooth and durable. Suitable for business use.,User_17505,Reviewed in India on 26 Oct 2025,True,2,0.5719,positive,"{""wheels"": ""positive"", ""durability"": ""positive""}"
B05EQY08P0,American Tourister,RA4FEJGXAA2IL,5.0,Excellent quality,Good buy at this price. durable. stylish design. Will buy again from this brand.,User_23838,Reviewed in India on 9 Jan 2025,True,0,0.765,positive,"{""durability"": ""positive"", ""design"": ""positive"", ""value"": ""positive""}"
B05EQY08P0,American Tourister,RQHW06XKXB94P,4.0,Great product,Used it for a business trip. durable. The good warranty part is really impressive.,User_15150,Reviewed in India on 16 Aug 2025,True,0,0.8908,positive,"{""durability"": ""positive""}"
B05EQY08P0,American Tourister,RTQVDZ4X1ZHQI,4.0,Excellent quality,"good warranty. After 2 weeks of use, no issues. durable. 4 stars.",User_45424,Reviewed in India on 27 Aug 2025,True,2,0.6597,positive,"{""durability"": ""positive""}"
B05EQY08P0,American Tourister,RC3DD03UVULEM,4.0,Good buy,"durable. After 2 weeks of use, no issues. stylish design. 4 stars.",User_88207,Reviewed in India on 25 Jul 2025,False,2,0.1779,positive,"{""durability"": ""positive"", ""design"": ""positive""}"
B05EQY08P0,American Tourister,RHXID4N1U3493,2.0,Bad experience,"After 3 months of light use, expensive. Customer service was slow to respond.",User_81422,Reviewed in India on 22 Sep 2025,True,5,-0.5423,negative,"{""weight"": ""neutral"", ""value"": ""neutral""}"
B05EQY08P0,American Tourister,RMGFXC08DTNQF,1.0,Poor quality,Used only for one trip and zipper issues after months. zipper issues after months. Not recommended.,User_41846,Reviewed in India on 24 Jun 2025,True,1,-0.5707,negative,"{""zipper"": ""negative""}"
B05EQY08P0,American Tourister,RXRPJ1EPKYRYB,4.0,Good buy,"Excellent product. build quality, wheels smooth. Delivery was on time and packaging was good.",User_52807,Reviewed in India on 20 Jan 2025,True,0,0.8591,positive,"{""wheels"": ""positive"", ""material"": ""positive""}"
B05EQY08P0,American Tourister,RRPETIUYMO0PQ,4.0,Great product,"lightweight. After 2 weeks of use, no issues. durable. 4 stars.",User_11205,Reviewed in India on 28 Jun 2025,True,1,0.4404,positive,"{""durability"": ""positive"", ""weight"": ""positive""}"
B05EQY08P0,American Tourister,RAL2W37D4IVSO,3.0,Average,Decent product. lightweight but unfortunately expensive. 3 stars.,User_41668,Reviewed in India on 24 Jun 2025,True,2,-0.4767,negative,"{""weight"": ""positive"", ""value"": ""positive""}"
B0XFDJGF1C,American Tourister,RPKJCSLQC3C54,5.0,Good buy,Got this on a deal. stylish design and premium feel. Suitable for weekend use.,User_81610,Reviewed in India on 20 Sep 2025,True,1,0.4404,positive,"{""design"": ""positive""}"
B0XFDJGF1C,American Tourister,RGVS8Q349DXBZ,2.0,Avoid,Disappointed. wheels broke. Returning the product. Expected better at this price.,User_58595,Reviewed in India on 17 Sep 2025,True,0,-0.6369,negative,"{""wheels"": ""negative"", ""durability"": ""negative"", ""value"": ""neutral""}"
B0XFDJGF1C,American Tourister,R2XCDYK0X65MU,1.0,Not worth it,zipper issues after months within first month. color fades. Going for a different brand next time.,User_19537,Reviewed in India on 12 May 2025,False,1,-0.1695,negative,"{""zipper"": ""negative"", ""design"": ""negative"", ""value"": ""positive""}"
B0XFDJGF1C,American Tourister,R23Y30YSXPNNG,5.0,Happy with purchase,Bought this last month and used for family. lightweight. good warranty. Worth the price.,User_29074,Reviewed in India on 11 Aug 2025,True,30,0.8176,positive,"{""weight"": ""positive"", ""value"": ""positive""}"
B0XFDJGF1C,American Tourister,R5BM1ENF313FP,4.0,Happy with purchase,Bought this last month and used for weeklong. good warranty. good warranty. Worth the price.,User_54852,Reviewed in India on 12 Apr 2025,False,1,0.886,positive,"{""value"": ""positive""}"
B0XFDJGF1C,American Tourister,RL3Q4N89QKNS8,3.0,Okay product,Decent product. spacious but unfortunately color fades. 3 stars.,User_27174,Reviewed in India on 26 Oct 2025,True,0,-0.3919,negative,"{""size_capacity"": ""positive"", ""design"": ""negative""}"
B0XFDJGF1C,American Tourister,R1J6FP8HQMABS,5.0,Great product,Bought this last month and used for international. good warranty. wheels smooth. Worth the price.,User_31903,Reviewed in India on 13 Feb 2025,True,0,0.836,positive,"{""wheels"": ""positive"", ""value"": ""positive""}"
B0XFDJGF1C,American Tourister,RB7R31QW6AHF7,2.0,Disappointed,Got delivered fine but zipper issues after months. Definitely not worth the price. Avoid.,User_80807,Reviewed in India on 17 Jul 2025,True,0,-0.2261,negative,"{""zipper"": ""negative"", ""value"": ""positive""}"
B0XFDJGF1C,American Tourister,R6VASIFPWIOXD,4.0,Loved it,Quality is good for the price. premium feel. wheels smooth. Happy with the purchase.,User_48265,Reviewed in India on 3 Sep 2025,True,2,0.8885,positive,"{""wheels"": ""positive"", ""value"": ""positive""}"
B0XFDJGF1C,American Tourister,R0MCIXDU1EMMX,4.0,Highly recommended,Used it for a international trip. build quality. The TSA lock part is really impressive.,User_90742,Reviewed in India on 15 Aug 2025,True,2,0.6894,positive,"{""material"": ""positive"", ""lock"": ""neutral""}"
B0XFDJGF1C,American Tourister,R25LLO3RBXK5B,5.0,Great product,Used it for a domestic trip. build quality. The lightweight part is really impressive.,User_86948,Reviewed in India on 11 May 2025,True,0,0.8268,positive,"{""material"": ""positive"", ""weight"": ""positive""}"
B020CV3TLC,American Tourister,R2Y8FV2BC2NNU,5.0,Excellent quality,Very happy with this purchase. wheels smooth and TSA lock. Used for a international trip and worked perfectly. Recommended.,User_80310,Reviewed in India on 5 Aug 2025,False,0,0.9286,positive,"{""wheels"": ""positive"", ""lock"": ""positive""}"
B020CV3TLC,American Tourister,RLK8AGS6E1ZHW,3.0,Average,"good warranty, however zipper issues after months. Decide based on your needs.",User_91961,Reviewed in India on 16 Apr 2025,True,5,0.4404,positive,"{""zipper"": ""negative""}"
B020CV3TLC,American Tourister,RZTKKFZZGNI92,5.0,Highly recommended,Used it for a short trip. wheels smooth. The durable part is really impressive.,User_32029,Reviewed in India on 26 Aug 2025,True,1,0.6894,positive,"{""wheels"": ""positive"", ""durability"": ""positive""}"
B020CV3TLC,American Tourister,R9ZS13C9XQYM5,5.0,Good buy,"Excellent product. wheels smooth, wheels smooth. Delivery was on time and packaging was good.",User_73260,Reviewed in India on 21 Oct 2025,True,12,0.8591,positive,"{""wheels"": ""positive""}"
B020CV3TLC,American Tourister,RFLZM764JWTEK,5.0,Highly recommended,Very happy with this purchase. wheels smooth and good warranty. Used for a domestic trip and worked perfectly. Recommended.,User_70924,Reviewed in India on 3 Sep 2025,True,1,0.9354,positive,"{""wheels"": ""positive""}"
B020CV3TLC,American Tourister,R81JHUWB6TXKI,4.0,Great product,Got this on a deal. build quality and build quality. Suitable for weekend use.,User_90783,Reviewed in India on 13 May 2025,True,1,0.6249,positive,"{""material"": ""positive""}"
B020CV3TLC,American Tourister,RLZ049ENULQJI,5.0,Worth the money,Used it for a business trip. spacious. The durable part is really impressive.,User_13689,Reviewed in India on 2 May 2025,False,5,0.6697,positive,"{""size_capacity"": ""positive"", ""durability"": ""positive"", ""value"": ""positive""}"
B020CV3TLC,American Tourister,RF9Q5RDOQIVBK,5.0,Loved it,"Excellent product. durable, durable. Delivery was on time and packaging was good.",User_79317,Reviewed in India on 27 Aug 2025,True,0,0.8885,positive,"{""durability"": ""positive""}"
B020CV3TLC,American Tourister,ROUHTCS1K9YE9,4.0,Great product,"durable. After 2 weeks of use, no issues. TSA lock. 4 stars.",User_52629,Reviewed in India on 12 Jun 2025,True,0,0.4404,positive,"{""durability"": ""positive"", ""lock"": ""neutral""}"
B0LRQVSLWF,American Tourister,RJX8UIBRSZ1N3,5.0,Good buy,Quality is good for the price. lightweight. build quality. Happy with the purchase.,User_32745,Reviewed in India on 2 Oct 2025,False,0,0.8591,positive,"{""material"": ""positive"", ""weight"": ""positive"", ""value"": ""positive""}"
B0LRQVSLWF,American Tourister,R1750CEHLXSLG,4.0,Excellent quality,"Excellent product. TSA lock, spacious. Delivery was on time and packaging was good.",User_70878,Reviewed in India on 11 Sep 2025,True,2,0.8834,positive,"{""size_capacity"": ""positive"", ""lock"": ""positive""}"
B0LRQVSLWF,American Tourister,RKK791ZYRRU7Z,3.0,Okay product,"Has its pros and cons. premium feel. On the negative side, scratches easily.",User_38721,Reviewed in India on 4 Oct 2025,True,0,-0.1027,negative,{}
B0LRQVSLWF,American Tourister,RKZMPJRHT7ZEW,2.0,Not worth it,scratches easily within first month. zipper issues after months. Going for a different brand next time.,User_77917,Reviewed in India on 8 Apr 2025,True,5,0.1862,positive,"{""zipper"": ""negative"", ""value"": ""positive""}"
B0LRQVSLWF,American Tourister,RD1AT7O75RH8L,4.0,Good buy,Bought this last month and used for short. TSA lock. durable. Worth the price.,User_85659,Reviewed in India on 2 Feb 2025,True,0,0.5859,positive,"{""durability"": ""positive"", ""lock"": ""neutral"", ""value"": ""positive""}"
B0LRQVSLWF,American Tourister,R7B42G05KBKV7,3.0,Okay product,Mixed feelings. stylish design but wheels broke. 3 stars overall.,User_44914,Reviewed in India on 10 Aug 2025,False,1,-0.5023,negative,"{""wheels"": ""negative"", ""durability"": ""negative"", ""design"": ""positive""}"
B0LRQVSLWF,American Tourister,RL0XZAMKYGVWO,5.0,Great product,Used it for a weeklong trip. lightweight. The spacious part is really impressive.,User_57059,Reviewed in India on 17 Jun 2025,True,1,0.8268,positive,"{""size_capacity"": ""positive"", ""weight"": ""positive""}"
B0K0AXYCEL,American Tourister,RNZ61231YV2ST,5.0,Excellent quality,Used it for a short trip. stylish design. The premium feel part is really impressive.,User_48419,Reviewed in India on 3 Oct 2025,True,2,0.807,positive,"{""design"": ""positive""}"
B0K0AXYCEL,American Tourister,R4PYZR6QCEOUU,1.0,Poor quality,Quality is not as expected. scratches easily. scratches easily. Below average product.,User_89181,Reviewed in India on 26 May 2025,True,0,0.1779,positive,{}
B0K0AXYCEL,American Tourister,RMC97C7BO119X,2.0,Returned,Quality is not as expected. expensive. expensive. Below average product.,User_56097,Reviewed in India on 12 Jul 2025,True,5,0.0,neutral,"{""value"": ""neutral""}"
B0K0AXYCEL,American Tourister,ROE9419QZPNIQ,4.0,Excellent quality,"Excellent product. durable, wheels smooth. Delivery was on time and packaging was good.",User_21332,Reviewed in India on 9 Apr 2025,False,2,0.8834,positive,"{""wheels"": ""positive"", ""durability"": ""positive""}"
B0K0AXYCEL,American Tourister,RDBVZB0OIH5CS,5.0,Great product,Quality is good for the price. build quality. spacious. Happy with the purchase.,User_38914,Reviewed in India on 8 Oct 2025,True,1,0.8934,positive,"{""material"": ""positive"", ""size_capacity"": ""positive"", ""value"": ""positive""}"
B0K0AXYCEL,American Tourister,R9SOJUV0GYUBM,3.0,Okay product,"Has its pros and cons. spacious. On the negative side, zipper issues after months.",User_85320,Reviewed in India on 22 Jul 2025,True,0,-0.4215,negative,"{""zipper"": ""negative"", ""size_capacity"": ""positive""}"
B0K0AXYCEL,American Tourister,R4KZ36U8UEIHX,4.0,Worth the money,Quality is good for the price. stylish design. good warranty. Happy with the purchase.,User_59954,Reviewed in India on 28 Jun 2025,True,2,0.886,positive,"{""design"": ""positive"", ""value"": ""positive""}"
B0K0AXYCEL,American Tourister,RVYHH6K6HG001,4.0,Loved it,Very happy with this purchase. wheels smooth and spacious. Used for a weeklong trip and worked perfectly. Recommended.,User_32797,Reviewed in India on 23 Oct 2025,True,0,0.9312,positive,"{""wheels"": ""positive"", ""size_capacity"": ""positive""}"
B0K0AXYCEL,American Tourister,RMJSRD9Q46NOU,4.0,Happy with purchase,"TSA lock. After 2 weeks of use, no issues. premium feel. 4 stars.",User_30002,Reviewed in India on 24 Mar 2025,True,1,0.3612,positive,"{""lock"": ""neutral""}"
B0K0AXYCEL,American Tourister,RN4RXYJ38XRG2,5.0,Worth the money,"stylish design. After 2 weeks of use, no issues. spacious. 4 stars.",User_23185,Reviewed in India on 5 Sep 2025,True,5,-0.0772,negative,"{""size_capacity"": ""positive"", ""design"": ""positive"", ""value"": ""positive""}"
B0K0AXYCEL,American Tourister,RC3BAEWCFHQCW,5.0,Loved it,Very happy with this purchase. good warranty and build quality. Used for a weeklong trip and worked perfectly. Recommended.,User_81808,Reviewed in India on 16 Aug 2025,True,1,0.9501,positive,"{""material"": ""positive""}"
B036DDFGS3,American Tourister,RTCAGRP2U4DTB,5.0,Good buy,Very happy with this purchase. wheels smooth and TSA lock. Used for a family trip and worked perfectly. Recommended.,User_28710,Reviewed in India on 28 Oct 2025,True,0,0.9168,positive,"{""wheels"": ""positive"", ""lock"": ""positive""}"
B036DDFGS3,American Tourister,RV1ZOCFI4O6L1,5.0,Worth the money,Very happy with this purchase. stylish design and durable. Used for a weekend trip and worked perfectly. Recommended.,User_19343,Reviewed in India on 26 Feb 2025,True,12,0.8977,positive,"{""durability"": ""positive"", ""design"": ""positive"", ""value"": ""positive""}"
B036DDFGS3,American Tourister,RBJ9RM7PYXDW2,5.0,Highly recommended,Bought this last month and used for weeklong. durable. TSA lock. Worth the price.,User_94468,Reviewed in India on 3 Feb 2025,True,0,0.4576,positive,"{""durability"": ""positive"", ""lock"": ""neutral"", ""value"": ""positive""}"
B036DDFGS3,American Tourister,RD7Q1DDPUSDDT,1.0,Not worth it,Looks good in pictures but zipper issues after months. Also zipper issues after months. Returning.,User_79240,Reviewed in India on 20 Jun 2025,False,0,0.1573,positive,"{""zipper"": ""negative"", ""design"": ""positive"", ""value"": ""positive""}"
B036DDFGS3,American Tourister,RGJJFGJK2N7ZR,5.0,Good buy,Good buy at this price. good warranty. stylish design. Will buy again from this brand.,User_81828,Reviewed in India on 7 Aug 2025,True,0,0.8271,positive,"{""design"": ""positive"", ""value"": ""positive""}"
B036DDFGS3,American Tourister,RM349EL8HL88K,1.0,Returned,Quality is not as expected. wheels broke. zipper issues after months. Below average product.,User_92089,Reviewed in India on 21 Aug 2025,False,2,-0.4215,negative,"{""wheels"": ""negative"", ""zipper"": ""negative"", ""durability"": ""negative""}"
B036DDFGS3,American Tourister,RVTYT8QZPKY32,4.0,Worth the money,Quality is good for the price. durable. wheels smooth. Happy with the purchase.,User_54627,Reviewed in India on 22 Aug 2025,True,0,0.8176,positive,"{""wheels"": ""positive"", ""durability"": ""positive"", ""value"": ""positive""}"
B0T2M6TWD1,American Tourister,RYHNQYYF9RK7D,4.0,Excellent quality,Good buy at this price. good warranty. good warranty. Will buy again from this brand.,User_96702,Reviewed in India on 5 Jun 2025,True,0,0.9081,positive,"{""value"": ""positive""}"
B0T2M6TWD1,American Tourister,RQCBZAMD270ST,5.0,Happy with purchase,Used it for a short trip. wheels smooth. The premium feel part is really impressive.,User_44383,Reviewed in India on 18 Jul 2025,False,0,0.807,positive,"{""wheels"": ""positive""}"
B0T2M6TWD1,American Tourister,R5QPAHKZ2U2TN,4.0,Excellent quality,Quality is good for the price. TSA lock. build quality. Happy with the purchase.,User_26830,Reviewed in India on 15 Feb 2025,True,5,0.8834,positive,"{""material"": ""positive"", ""lock"": ""neutral"", ""value"": ""positive""}"
B0T2M6TWD1,American Tourister,R4W3ZKWDEEKGY,5.0,Highly recommended,Quality is good for the price. TSA lock. wheels smooth. Happy with the purchase.,User_67954,Reviewed in India on 13 Jul 2025,True,1,0.8268,positive,"{""wheels"": ""positive"", ""lock"": ""neutral"", ""value"": ""positive""}"
B0T2M6TWD1,American Tourister,RFLQBMAE38SRY,5.0,Highly recommended,"Excellent product. good warranty, stylish design. Delivery was on time and packaging was good.",User_55477,Reviewed in India on 23 Aug 2025,True,0,0.8973,positive,"{""design"": ""positive""}"
B0T2M6TWD1,American Tourister,RK2U1RSUJT9T1,5.0,Excellent quality,"build quality. After 2 weeks of use, no issues. lightweight. 4 stars.",User_95238,Reviewed in India on 15 Sep 2025,True,0,0.3612,positive,"{""material"": ""positive"", ""weight"": ""positive""}"
B0T2M6TWD1,American Tourister,RJ5D5E3H0Y4VP,3.0,Average,"lightweight, however expensive. Decide based on your needs.",User_81760,Reviewed in India on 5 Apr 2025,True,2,0.0,neutral,"{""weight"": ""positive"", ""value"": ""positive""}"
B0T2M6TWD1,American Tourister,RJ49YD82795E5,5.0,Excellent quality,"Excellent product. durable, lightweight. Delivery was on time and packaging was good.",User_33725,Reviewed in India on 5 Jun 2025,True,2,0.8834,positive,"{""durability"": ""positive"", ""weight"": ""positive""}"
B0T2M6TWD1,American Tourister,RWNC21O0Z5QRU,3.0,Has pros and cons,Decent product. stylish design but unfortunately color fades. 3 stars.,User_97039,Reviewed in India on 3 Aug 2025,True,1,-0.4767,negative,"{""design"": ""positive""}"
B0T2M6TWD1,American Tourister,RRLKTE4261BW4,2.0,Disappointed,Looks good in pictures but scratches easily. Also wheels broke. Returning.,User_3134,Reviewed in India on 4 Mar 2025,True,0,-0.1779,negative,"{""wheels"": ""negative"", ""durability"": ""negative"", ""design"": ""positive""}"
B0JN6FOKZI,Skybags,RID3DNKN35XYC,4.0,Great product,Quality is good for the price. easy to maneuver. lightweight. Happy with the purchase.,User_74831,Reviewed in India on 1 Oct 2025,True,0,0.9274,positive,"{""weight"": ""positive"", ""value"": ""positive""}"
B0JN6FOKZI,Skybags,R4DD1VN8LFJDT,3.0,Average,"value for money, however fabric tears. Decide based on your needs.",User_79644,Reviewed in India on 24 Oct 2025,True,12,0.128,positive,"{""material"": ""neutral"", ""durability"": ""neutral"", ""value"": ""neutral""}"
B0JN6FOKZI,Skybags,RGOX22INIWC5A,5.0,Excellent quality,"lightweight. After 2 weeks of use, no issues. spacious. 4 stars.",User_48329,Reviewed in India on 11 Mar 2025,True,2,0.3612,positive,"{""size_capacity"": ""positive"", ""weight"": ""positive""}"
B0JN6FOKZI,Skybags,RACJBC2SWSOZC,5.0,Great product,"Excellent product. youth appeal, value for money. Delivery was on time and packaging was good.",User_71328,Reviewed in India on 18 Oct 2025,True,0,0.9201,positive,"{""value"": ""neutral""}"
B0JN6FOKZI,Skybags,RW4YCZ04CDPQV,5.0,Excellent quality,"Excellent product. spacious, good wheels. Delivery was on time and packaging was good.",User_41539,Reviewed in India on 22 Mar 2025,True,2,0.9217,positive,"{""wheels"": ""positive"", ""size_capacity"": ""positive""}"
B0JN6FOKZI,Skybags,RGE2J51B3JCZU,3.0,Has pros and cons,"value for money, however zipper alignment. Decide based on your needs.",User_11101,Reviewed in India on 16 Aug 2025,True,0,0.34,positive,"{""zipper"": ""neutral"", ""value"": ""neutral""}"
B0JN6FOKZI,Skybags,RYE0A4ABN7G8B,1.0,Bad experience,Used only for one trip and zipper alignment. material feels thin. Not recommended.,User_94588,Reviewed in India on 24 Jul 2025,True,0,-0.6239,negative,"{""zipper"": ""neutral"", ""material"": ""neutral""}"
B0JN6FOKZI,Skybags,REYBISBO551LD,1.0,Poor quality,material feels thin within first month. fabric tears. Going for a different brand next time.,User_60866,Reviewed in India on 1 Jun 2025,True,1,-0.6124,negative,"{""material"": ""neutral"", ""durability"": ""neutral""}"
B0JN6FOKZI,Skybags,R10T2F7ATWYAM,5.0,Loved it,Used it for a family trip. good wheels. The spacious part is really impressive.,User_87154,Reviewed in India on 13 May 2025,True,1,0.8858,positive,"{""wheels"": ""positive"", ""size_capacity"": ""positive""}"
B0JN6FOKZI,Skybags,RBI4O6Q0USWOV,5.0,Great product,Very happy with this purchase. lightweight and easy to maneuver. Used for a international trip and worked perfectly. Recommended.,User_9163,Reviewed in India on 14 Mar 2025,True,0,0.9516,positive,"{""weight"": ""positive""}"
B0JN6FOKZI,Skybags,RCH2VFFQOT8HL,5.0,Worth the money,Got this on a deal. good wheels and value for money. Suitable for international use.,User_35735,Reviewed in India on 28 Feb 2025,True,2,0.7351,positive,"{""wheels"": ""positive"", ""value"": ""positive""}"
B0JN6FOKZI,Skybags,RFZ8OBK3G84UT,5.0,Highly recommended,Very happy with this purchase. lightweight and youth appeal. Used for a weeklong trip and worked perfectly. Recommended.,User_13415,Reviewed in India on 15 Feb 2025,True,0,0.9072,positive,"{""weight"": ""positive""}"
B0V7C9HX3D,Skybags,RK5BWIKOTCKEH,5.0,Highly recommended,"Excellent product. good wheels, lightweight. Delivery was on time and packaging was good.",User_69919,Reviewed in India on 8 Sep 2025,True,30,0.8973,positive,"{""wheels"": ""positive"", ""weight"": ""positive""}"
B0V7C9HX3D,Skybags,RSNGLH62C9T19,1.0,Bad experience,Quality is not as expected. wheels noisy. zipper alignment. Below average product.,User_21922,Reviewed in India on 4 Apr 2025,True,0,-0.6369,negative,"{""wheels"": ""negative"", ""zipper"": ""neutral""}"
B0V7C9HX3D,Skybags,RM44GV3Z6BZ8U,2.0,Returned,Disappointed. handle wobbly. Returning the product. Expected better at this price.,User_74807,Reviewed in India on 7 Aug 2025,True,0,-0.0516,negative,"{""handle"": ""negative"", ""value"": ""neutral""}"
B0V7C9HX3D,Skybags,RLW3MG25CFZFD,4.0,Great product,Good buy at this price. trendy colors. spacious. Will buy again from this brand.,User_69982,Reviewed in India on 28 Jun 2025,False,0,0.7906,positive,"{""size_capacity"": ""positive"", ""design"": ""neutral"", ""value"": ""positive""}"
B0V7C9HX3D,Skybags,REF828XG8Y72I,1.0,Poor quality,Disappointed. zipper alignment. Returning the product. Expected better at this price.,User_78194,Reviewed in India on 27 Mar 2025,True,2,-0.5106,negative,"{""zipper"": ""neutral"", ""value"": ""neutral""}"
B0V7C9HX3D,Skybags,R98BV78HU7F0I,4.0,Loved it,Very happy with this purchase. easy to maneuver and spacious. Used for a family trip and worked perfectly. Recommended.,User_42879,Reviewed in India on 6 Feb 2025,True,1,0.9501,positive,"{""size_capacity"": ""positive""}"
B0V7C9HX3D,Skybags,RHYM2ZBPPFO5M,3.0,Has pros and cons,"Has its pros and cons. value for money. On the negative side, material feels thin.",User_50197,Reviewed in India on 4 Aug 2025,True,1,-0.3182,negative,"{""material"": ""neutral"", ""value"": ""neutral""}"
B0V7C9HX3D,Skybags,RAJDM5FC79M96,1.0,Poor quality,Looks good in pictures but material feels thin. Also material feels thin. Returning.,User_93340,Reviewed in India on 1 Jul 2025,False,0,-0.0258,neutral,"{""material"": ""positive"", ""design"": ""positive""}"
B0V7C9HX3D,Skybags,ROT7TXKDOTRBA,1.0,Disappointed,Disappointed. zipper alignment. Returning the product. Expected better at this price.,User_12485,Reviewed in India on 10 Oct 2025,True,0,-0.5106,negative,"{""zipper"": ""neutral"", ""value"": ""neutral""}"
B0V7C9HX3D,Skybags,R2Q6JXNNNGBPJ,5.0,Highly recommended,Bought this last month and used for weekend. value for money. youth appeal. Worth the price.,User_36200,Reviewed in India on 19 Jan 2025,True,1,0.659,positive,"{""value"": ""neutral""}"
B043PT5R5R,Skybags,RBCYH3FVL03DU,1.0,Disappointed,Used only for one trip and handle wobbly. handle wobbly. Not recommended.,User_73358,Reviewed in India on 11 May 2025,True,5,-0.5707,negative,"{""handle"": ""negative""}"
B043PT5R5R,Skybags,RUU8DD22555JX,5.0,Worth the money,Quality is good for the price. trendy colors. value for money. Happy with the purchase.,User_75976,Reviewed in India on 20 Aug 2025,True,0,0.872,positive,"{""design"": ""neutral"", ""value"": ""positive""}"
B043PT5R5R,Skybags,RI076A3KKRZD5,5.0,Happy with purchase,Quality is good for the price. trendy colors. value for money. Happy with the purchase.,User_18614,Reviewed in India on 10 Aug 2025,True,0,0.9136,positive,"{""design"": ""neutral"", ""value"": ""positive""}"
B043PT5R5R,Skybags,R6ORSNC2CZO2S,3.0,Okay product,Mixed feelings. lightweight but wheels noisy. 3 stars overall.,User_75537,Reviewed in India on 1 Mar 2025,True,2,-0.1531,negative,"{""wheels"": ""negative"", ""weight"": ""positive""}"
B043PT5R5R,Skybags,RHNQO7YIRQ8RT,1.0,Avoid,Looks good in pictures but material feels thin. Also zipper alignment. Returning.,User_46121,Reviewed in India on 6 May 2025,True,1,0.09,positive,"{""zipper"": ""neutral"", ""material"": ""positive"", ""design"": ""positive""}"
B043PT5R5R,Skybags,R4XYJOA21A6XV,4.0,Worth the money,"Excellent product. youth appeal, spacious. Delivery was on time and packaging was good.",User_2109,Reviewed in India on 8 May 2025,True,12,0.8176,positive,"{""size_capacity"": ""positive"", ""value"": ""positive""}"
B043PT5R5R,Skybags,RQHKSWVA984UV,3.0,Has pros and cons,"Has its pros and cons. value for money. On the negative side, wheels noisy.",User_38051,Reviewed in India on 10 Feb 2025,True,0,-0.4588,negative,"{""wheels"": ""negative"", ""value"": ""neutral""}"
B0622VXYZX,Skybags,R445GDEJ31GYM,3.0,Has pros and cons,Decent product. easy to maneuver but unfortunately zipper alignment. 3 stars.,User_12704,Reviewed in India on 8 Jun 2025,True,5,-0.2846,negative,"{""zipper"": ""positive""}"
B0622VXYZX,Skybags,R4Q5V7C6S5NKB,5.0,Good buy,Got this on a deal. good wheels and spacious. Suitable for international use.,User_20762,Reviewed in India on 5 Apr 2025,True,30,0.7003,positive,"{""wheels"": ""positive"", ""size_capacity"": ""positive""}"
B0622VXYZX,Skybags,RRWGWAJ1G1R1D,2.0,Not worth it,Used only for one trip and zipper alignment. handle wobbly. Not recommended.,User_81541,Reviewed in India on 14 Jul 2025,True,12,-0.3089,negative,"{""handle"": ""negative"", ""zipper"": ""neutral"", ""value"": ""positive""}"
B0622VXYZX,Skybags,R1TAA0I5LDSLC,4.0,Highly recommended,Good buy at this price. easy to maneuver. good wheels. Will buy again from this brand.,User_6992,Reviewed in India on 10 May 2025,True,1,0.8771,positive,"{""wheels"": ""positive"", ""value"": ""positive""}"
B0622VXYZX,Skybags,RG87OI0E0VGNX,5.0,Loved it,"Excellent product. good wheels, value for money. Delivery was on time and packaging was good.",User_5897,Reviewed in India on 13 May 2025,True,1,0.9413,positive,"{""wheels"": ""positive"", ""value"": ""positive""}"
B0622VXYZX,Skybags,RYPNTRFZWKXXJ,4.0,Great product,Bought this last month and used for weekend. easy to maneuver. youth appeal. Worth the price.,User_80381,Reviewed in India on 23 Mar 2025,True,5,0.836,positive,"{""value"": ""positive""}"
B0622VXYZX,Skybags,RHHJSHZKBRH7L,5.0,Good buy,"trendy colors. After 2 weeks of use, no issues. youth appeal. 4 stars.",User_1358,Reviewed in India on 1 Feb 2025,False,2,0.1779,positive,"{""design"": ""neutral""}"
B0622VXYZX,Skybags,R0DJI9KQDGBK2,3.0,Mixed,"trendy colors, however fabric tears. Decide based on your needs.",User_41987,Reviewed in India on 14 Feb 2025,True,2,-0.2263,negative,"{""material"": ""neutral"", ""durability"": ""neutral"", ""design"": ""neutral""}"
B0622VXYZX,Skybags,RJ0NMEOQ4YRP5,5.0,Excellent quality,"Excellent product. good wheels, good wheels. Delivery was on time and packaging was good.",User_22860,Reviewed in India on 4 Mar 2025,True,0,0.9442,positive,"{""wheels"": ""positive""}"
B0622VXYZX,Skybags,RYGNMBY49E7EO,1.0,Bad experience,Looks good in pictures but fabric tears. Also wheels noisy. Returning.,User_7025,Reviewed in India on 3 May 2025,True,0,-0.5719,negative,"{""wheels"": ""negative"", ""material"": ""positive"", ""durability"": ""positive"", ""design"": ""positive""}"
B0622VXYZX,Skybags,R9YMSZDXIMYN4,1.0,Disappointed,Got delivered fine but fabric tears. Definitely not worth the price. Avoid.,User_74183,Reviewed in India on 20 Jan 2025,True,12,-0.5022,negative,"{""material"": ""neutral"", ""durability"": ""neutral"", ""value"": ""positive""}"
B0622VXYZX,Skybags,RRI8BIXOIQ2Q4,5.0,Loved it,Used it for a weekend trip. youth appeal. The lightweight part is really impressive.,User_59598,Reviewed in India on 11 Feb 2025,False,2,0.8173,positive,"{""weight"": ""positive""}"
B06UXQM334,Skybags,RD6R30OJHE4H3,5.0,Happy with purchase,"spacious. After 2 weeks of use, no issues. spacious. 4 stars.",User_25979,Reviewed in India on 23 Jun 2025,True,0,0.3612,positive,"{""size_capacity"": ""positive""}"
B06UXQM334,Skybags,RX8ERTB74RS7G,2.0,Returned,Quality is not as expected. material feels thin. wheels noisy. Below average product.,User_76832,Reviewed in India on 6 Mar 2025,True,1,-0.1779,negative,"{""wheels"": ""negative"", ""material"": ""neutral""}"
B06UXQM334,Skybags,RIOMK2EV5S4TL,4.0,Loved it,Quality is good for the price. value for money. spacious. Happy with the purchase.,User_97576,Reviewed in India on 18 Apr 2025,True,1,0.9169,positive,"{""size_capacity"": ""positive"", ""value"": ""positive""}"
B06UXQM334,Skybags,RTWZ1UU7ZY6T5,4.0,Excellent quality,"Excellent product. easy to maneuver, easy to maneuver. Delivery was on time and packaging was good.",User_56363,Reviewed in India on 26 Jan 2025,True,0,0.9442,positive,{}
B06UXQM334,Skybags,R9YFC2HTMQWYU,5.0,Worth the money,Good buy at this price. good wheels. youth appeal. Will buy again from this brand.,User_30400,Reviewed in India on 24 Sep 2025,True,1,0.7717,positive,"{""wheels"": ""positive"", ""value"": ""positive""}"
B06UXQM334,Skybags,RO2Y8B0H54PIW,2.0,Returned,Got delivered fine but material feels thin. Definitely not worth the price. Avoid.,User_94001,Reviewed in India on 21 Jun 2025,True,1,0.039,neutral,"{""material"": ""neutral"", ""value"": ""positive""}"
B06UXQM334,Skybags,RC80EBKJF4AQ7,5.0,Happy with purchase,Good buy at this price. good wheels. value for money. Will buy again from this brand.,User_6235,Reviewed in India on 5 Jun 2025,True,2,0.8979,positive,"{""wheels"": ""positive"", ""value"": ""positive""}"
B02FTOM5XL,Skybags,R68NTK63N2QB6,5.0,Good buy,Good buy at this price. trendy colors. easy to maneuver. Will buy again from this brand.,User_26232,Reviewed in India on 11 Sep 2025,True,0,0.8271,positive,"{""design"": ""neutral"", ""value"": ""positive""}"
B02FTOM5XL,Skybags,RY15PDTZ91X70,2.0,Disappointed,Quality is not as expected. material feels thin. material feels thin. Below average product.,User_21152,Reviewed in India on 1 Aug 2025,True,0,-0.4767,negative,"{""material"": ""neutral""}"
B02FTOM5XL,Skybags,RIJNWPAYTXW1V,4.0,Loved it,"spacious. After 2 weeks of use, no issues. trendy colors. 4 stars.",User_92866,Reviewed in India on 28 Feb 2025,True,1,0.4019,positive,"{""size_capacity"": ""positive"", ""design"": ""neutral""}"
B02FTOM5XL,Skybags,ROXRTEO2T8FY6,5.0,Good buy,Bought this last month and used for family. good wheels. youth appeal. Worth the price.,User_96594,Reviewed in India on 21 Jun 2025,False,0,0.7717,positive,"{""wheels"": ""positive"", ""value"": ""positive""}"
B02FTOM5XL,Skybags,ROTDH00H64FGW,1.0,Bad experience,Disappointed. material feels thin. Returning the product. Expected better at this price.,User_34127,Reviewed in India on 7 Feb 2025,True,2,-0.5719,negative,"{""material"": ""neutral"", ""value"": ""neutral""}"
B02FTOM5XL,Skybags,RKCD0RLEXDW6L,2.0,Not worth it,Quality is not as expected. wheels noisy. fabric tears. Below average product.,User_60067,Reviewed in India on 11 Oct 2025,True,1,-0.505,negative,"{""wheels"": ""negative"", ""material"": ""neutral"", ""durability"": ""neutral"", ""value"": ""positive""}"
B02FTOM5XL,Skybags,RIH0P4E05QMKT,5.0,Highly recommended,Got this on a deal. value for money and lightweight. Suitable for weekend use.,User_24038,Reviewed in India on 21 Oct 2025,True,0,0.5413,positive,"{""weight"": ""positive"", ""value"": ""positive""}"
B02FTOM5XL,Skybags,RCASBUOV6TT9Q,2.0,Avoid,Used only for one trip and zipper alignment. material feels thin. Not recommended.,User_20481,Reviewed in India on 12 Jul 2025,True,2,-0.4199,negative,"{""zipper"": ""neutral"", ""material"": ""neutral""}"
B02FTOM5XL,Skybags,ROSX43WFSQG8X,3.0,Mixed,"Has its pros and cons. lightweight. On the negative side, wheels noisy.",User_20162,Reviewed in India on 24 Aug 2025,False,0,-0.6597,negative,"{""wheels"": ""negative"", ""weight"": ""positive""}"
B06NQQB9LZ,Skybags,RO3M25A5PISKF,1.0,Bad experience,"After 3 months of light use, wheels noisy. Customer service was slow to respond.",User_21625,Reviewed in India on 12 Oct 2025,True,0,-0.6369,negative,"{""wheels"": ""negative"", ""weight"": ""negative""}"
B06NQQB9LZ,Skybags,RHF4ABUFWBUCJ,5.0,Good buy,Bought this last month and used for family. value for money. easy to maneuver. Worth the price.,User_24597,Reviewed in India on 17 Jul 2025,True,1,0.8442,positive,"{""value"": ""neutral""}"
B06NQQB9LZ,Skybags,R95G3V23GXJ0M,5.0,Excellent quality,"trendy colors. After 2 weeks of use, no issues. lightweight. 4 stars.",User_60437,Reviewed in India on 20 Oct 2025,True,0,0.3612,positive,"{""weight"": ""positive"", ""design"": ""neutral""}"
B06NQQB9LZ,Skybags,RG6V5T1DX6TA7,4.0,Great product,Quality is good for the price. youth appeal. lightweight. Happy with the purchase.,User_89940,Reviewed in India on 21 Jul 2025,True,0,0.8934,positive,"{""weight"": ""positive"", ""value"": ""positive""}"
B06NQQB9LZ,Skybags,RNV01ZDERI4K5,5.0,Loved it,Good buy at this price. youth appeal. value for money. Will buy again from this brand.,User_54562,Reviewed in India on 9 Apr 2025,True,2,0.8481,positive,"{""value"": ""positive""}"
B06NQQB9LZ,Skybags,R2ODPVJTUW9OH,5.0,Happy with purchase,Very happy with this purchase. value for money and easy to maneuver. Used for a domestic trip and worked perfectly. Recommended.,User_73365,Reviewed in India on 26 Sep 2025,True,0,0.9583,positive,"{""value"": ""positive""}"
B06NQQB9LZ,Skybags,ROE5EI28DS22W,4.0,Happy with purchase,"spacious. After 2 weeks of use, no issues. good wheels. 4 stars.",User_90727,Reviewed in India on 23 Jan 2025,True,12,0.0243,neutral,"{""wheels"": ""positive"", ""size_capacity"": ""positive""}"
B06NQQB9LZ,Skybags,RCHCBN9WSZV83,4.0,Great product,"Excellent product. value for money, spacious. Delivery was on time and packaging was good.",User_84924,Reviewed in India on 16 Aug 2025,True,5,0.9201,positive,"{""size_capacity"": ""positive"", ""value"": ""positive""}"
B06NQQB9LZ,Skybags,RSIGBIAF92MOV,1.0,Bad experience,Used only for one trip and material feels thin. fabric tears. Not recommended.,User_68861,Reviewed in India on 1 Feb 2025,False,1,-0.7177,negative,"{""material"": ""neutral"", ""durability"": ""neutral""}"
B06NQQB9LZ,Skybags,RVH7UJODCK828,3.0,Okay product,"Has its pros and cons. good wheels. On the negative side, zipper alignment.",User_71504,Reviewed in India on 27 Oct 2025,True,0,0.0258,neutral,"{""wheels"": ""positive"", ""zipper"": ""neutral""}"
B06NQQB9LZ,Skybags,RY65RJN2HZ2OM,5.0,Good buy,Good buy at this price. youth appeal. good wheels. Will buy again from this brand.,User_71208,Reviewed in India on 1 May 2025,True,0,0.8271,positive,"{""wheels"": ""positive"", ""value"": ""positive""}"
B06NQQB9LZ,Skybags,RRM6J8Y6RH05H,3.0,Okay product,"Has its pros and cons. trendy colors. On the negative side, fabric tears.",User_27577,Reviewed in India on 27 Apr 2025,True,0,-0.5719,negative,"{""material"": ""neutral"", ""durability"": ""neutral"", ""design"": ""neutral""}"
B0WR965R96,Skybags,RLAYNDN5GJJ8M,2.0,Returned,Looks good in pictures but material feels thin. Also fabric tears. Returning.,User_25105,Reviewed in India on 16 Jul 2025,True,2,-0.1027,negative,"{""material"": ""positive"", ""durability"": ""neutral"", ""design"": ""positive""}"
B0WR965R96,Skybags,R9Y3Z2T4H20RA,5.0,Worth the money,"value for money. After 2 weeks of use, no issues. lightweight. 4 stars.",User_56249,Reviewed in India on 16 Mar 2025,False,2,0.2732,positive,"{""weight"": ""positive"", ""value"": ""positive""}"
B0WR965R96,Skybags,RUOYC3RWQMMU7,5.0,Loved it,Used it for a business trip. good wheels. The good wheels part is really impressive.,User_34779,Reviewed in India on 12 Jan 2025,True,0,0.923,positive,"{""wheels"": ""positive""}"
B0WR965R96,Skybags,R9KLS1QCWQ85X,3.0,Okay product,"spacious, however fabric tears. Decide based on your needs.",User_45222,Reviewed in India on 14 Oct 2025,True,2,0.0,neutral,"{""material"": ""positive"", ""size_capacity"": ""positive"", ""durability"": ""positive""}"
B0WR965R96,Skybags,RZVO5270SQG4E,4.0,Highly recommended,Good buy at this price. good wheels. good wheels. Will buy again from this brand.,User_31753,Reviewed in India on 22 May 2025,False,2,0.8771,positive,"{""wheels"": ""positive"", ""value"": ""positive""}"
B0WR965R96,Skybags,RB1S9DWD7OI0P,4.0,Excellent quality,Bought this last month and used for family. trendy colors. trendy colors. Worth the price.,User_17569,Reviewed in India on 5 Sep 2025,True,0,0.6808,positive,"{""design"": ""neutral"", ""value"": ""positive""}"
B0WR965R96,Skybags,R9TJQ8ZGVWWUS,3.0,Average,"Has its pros and cons. youth appeal. On the negative side, wheels noisy.",User_84824,Reviewed in India on 18 May 2025,False,0,-0.6597,negative,"{""wheels"": ""negative""}"
B0WR965R96,Skybags,RKA34MQA78RAP,4.0,Worth the money,"good wheels. After 2 weeks of use, no issues. value for money. 4 stars.",User_39393,Reviewed in India on 20 Apr 2025,True,1,0.1441,positive,"{""wheels"": ""positive"", ""value"": ""positive""}"
B0WR965R96,Skybags,R0ONJPI163YK0,5.0,Happy with purchase,Quality is good for the price. value for money. lightweight. Happy with the purchase.,User_36235,Reviewed in India on 14 Apr 2025,False,0,0.9136,positive,"{""weight"": ""positive"", ""value"": ""positive""}"
B0WR965R96,Skybags,RGABTGDJZ0IFR,5.0,Good buy,Used it for a business trip. good wheels. The easy to maneuver part is really impressive.,User_45815,Reviewed in India on 14 May 2025,True,0,0.9061,positive,"{""wheels"": ""positive""}"
B0JOTG6JNA,Skybags,RF00TERKMBY9I,5.0,Highly recommended,Used it for a international trip. value for money. The easy to maneuver part is really impressive.,User_57906,Reviewed in India on 11 Jan 2025,True,0,0.8746,positive,"{""value"": ""neutral""}"
B0JOTG6JNA,Skybags,RRVNDFDW79WCX,5.0,Happy with purchase,Very happy with this purchase. trendy colors and spacious. Used for a weeklong trip and worked perfectly. Recommended.,User_92924,Reviewed in India on 18 Feb 2025,True,0,0.9286,positive,"{""size_capacity"": ""positive"", ""design"": ""positive""}"
B0JOTG6JNA,Skybags,RGYME6RPKZGGM,2.0,Avoid,zipper alignment within first month. wheels noisy. Going for a different brand next time.,User_96997,Reviewed in India on 15 May 2025,False,1,-0.4404,negative,"{""wheels"": ""negative"", ""zipper"": ""neutral""}"
B0JOTG6JNA,Skybags,R3TQ1S05WNWLC,1.0,Poor quality,Quality is not as expected. handle wobbly. wheels noisy. Below average product.,User_71642,Reviewed in India on 27 Jul 2025,True,1,-0.5859,negative,"{""wheels"": ""negative"", ""handle"": ""negative""}"
B0JOTG6JNA,Skybags,RLDXB7GBDGBXN,1.0,Avoid,"After 3 months of light use, zipper alignment. Customer service was slow to respond.",User_65213,Reviewed in India on 17 Oct 2025,True,0,-0.296,negative,"{""zipper"": ""neutral"", ""weight"": ""neutral""}"
B0JOTG6JNA,Skybags,R73QXM0632CWT,5.0,Good buy,Bought this last month and used for short. trendy colors. lightweight. Worth the price.,User_97246,Reviewed in India on 3 May 2025,True,0,0.5859,positive,"{""weight"": ""positive"", ""design"": ""neutral"", ""value"": ""positive""}"
B0JOTG6JNA,Skybags,RSIWG0ODWMQX5,4.0,Worth the money,Good buy at this price. spacious. value for money. Will buy again from this brand.,User_22864,Reviewed in India on 26 Mar 2025,True,1,0.7351,positive,"{""size_capacity"": ""positive"", ""value"": ""positive""}"
B01P0VUH17,Skybags,R3YJTU7FBMENU,5.0,Loved it,Good buy at this price. youth appeal. good wheels. Will buy again from this brand.,User_31539,Reviewed in India on 9 May 2025,True,0,0.8658,positive,"{""wheels"": ""positive"", ""value"": ""positive""}"
B01P0VUH17,Skybags,RR6Z3DXB3N27M,2.0,Disappointed,Got delivered fine but zipper alignment. Definitely not worth the price. Avoid.,User_57925,Reviewed in India on 14 Feb 2025,False,0,-0.2261,negative,"{""zipper"": ""neutral"", ""value"": ""positive""}"
B01P0VUH17,Skybags,RKBTFSHB0OQVS,3.0,Mixed,Mixed feelings. easy to maneuver but wheels noisy. 3 stars overall.,User_30109,Reviewed in India on 14 May 2025,True,0,-0.0258,neutral,"{""wheels"": ""negative""}"
B01P0VUH17,Skybags,ROPZ1RHOUU9SI,5.0,Great product,Very happy with this purchase. spacious and value for money. Used for a international trip and worked perfectly. Recommended.,User_35898,Reviewed in India on 25 Jul 2025,True,5,0.9476,positive,"{""size_capacity"": ""positive"", ""value"": ""positive""}"
B01P0VUH17,Skybags,RMX1GM32WP7IY,5.0,Highly recommended,Quality is good for the price. good wheels. good wheels. Happy with the purchase.,User_21446,Reviewed in India on 25 Feb 2025,True,0,0.9259,positive,"{""wheels"": ""positive"", ""value"": ""positive""}"
B01P0VUH17,Skybags,RYEQAHTHSJR0F,2.0,Poor quality,zipper alignment within first month. material feels thin. Going for a different brand next time.,User_92587,Reviewed in India on 22 Jan 2025,True,5,-0.4767,negative,"{""zipper"": ""neutral"", ""material"": ""neutral""}"
B01P0VUH17,Skybags,RWBXANJ4X5A5X,4.0,Happy with purchase,Very happy with this purchase. good wheels and lightweight. Used for a weeklong trip and worked perfectly. Recommended.,User_31299,Reviewed in India on 13 Sep 2025,False,0,0.9485,positive,"{""wheels"": ""positive"", ""weight"": ""positive""}"
B01P0VUH17,Skybags,RUZB7KR0AYMK9,5.0,Good buy,Bought this last month and used for business. lightweight. lightweight. Worth the price.,User_66700,Reviewed in India on 9 Jan 2025,True,5,0.5859,positive,"{""weight"": ""positive"", ""value"": ""positive""}"
B01P0VUH17,Skybags,RF6XDN8WWIIF8,2.0,Disappointed,Disappointed. fabric tears. Returning the product. Expected better at this price.,User_80346,Reviewed in India on 11 Aug 2025,True,0,-0.6369,negative,"{""material"": ""neutral"", ""durability"": ""neutral"", ""value"": ""neutral""}"
B06P61XUFC,Skybags,REA9WVWVIAC2E,5.0,Great product,"lightweight. After 2 weeks of use, no issues. youth appeal. 4 stars.",User_80260,Reviewed in India on 16 Jun 2025,True,0,0.4404,positive,"{""weight"": ""positive""}"
B06P61XUFC,Skybags,R78IYHHG8PWY5,4.0,Great product,Good buy at this price. trendy colors. value for money. Will buy again from this brand.,User_33346,Reviewed in India on 14 Jul 2025,True,1,0.8555,positive,"{""design"": ""neutral"", ""value"": ""positive""}"
B06P61XUFC,Skybags,RTXZBDQ55IT9B,2.0,Bad experience,Looks good in pictures but fabric tears. Also fabric tears. Returning.,User_51777,Reviewed in India on 17 Jan 2025,True,0,-0.6124,negative,"{""material"": ""positive"", ""durability"": ""positive"", ""design"": ""positive""}"
B06P61XUFC,Skybags,RK7Y6QXDSGV6T,2.0,Returned,"After 3 months of light use, wheels noisy. Customer service was slow to respond.",User_52520,Reviewed in India on 14 Jun 2025,True,0,-0.1779,negative,"{""wheels"": ""negative"", ""weight"": ""negative""}"
B06P61XUFC,Skybags,RY62ZEEQNSN2S,5.0,Highly recommended,Good buy at this price. value for money. trendy colors. Will buy again from this brand.,User_21958,Reviewed in India on 13 Sep 2025,True,2,0.7698,positive,"{""design"": ""neutral"", ""value"": ""positive""}"
B06P61XUFC,Skybags,RGZPL1QWEEHWJ,2.0,Disappointed,Got delivered fine but handle wobbly. Definitely not worth the price. Avoid.,User_61115,Reviewed in India on 16 Aug 2025,True,0,-0.2261,negative,"{""handle"": ""negative"", ""value"": ""positive""}"
B06P61XUFC,Skybags,RPVA5KW3HGBMF,1.0,Returned,Quality is not as expected. wheels noisy. wheels noisy. Below average product.,User_5250,Reviewed in India on 22 Oct 2025,True,0,-0.34,negative,"{""wheels"": ""negative""}"
B06P61XUFC,Skybags,RKXZUU80MB1L6,1.0,Avoid,Looks good in pictures but handle wobbly. Also handle wobbly. Returning.,User_9869,Reviewed in India on 25 Jul 2025,True,0,0.09,positive,"{""handle"": ""negative"", ""design"": ""positive""}"
B06P61XUFC,Skybags,RHHCU9TD0V2ZP,4.0,Excellent quality,"good wheels. After 2 weeks of use, no issues. spacious. 4 stars.",User_42482,Reviewed in India on 9 Sep 2025,True,1,0.6597,positive,"{""wheels"": ""positive"", ""size_capacity"": ""positive""}"
B06P61XUFC,Skybags,R35IKGEQ20HWO,2.0,Returned,Looks good in pictures but fabric tears. Also wheels noisy. Returning.,User_6962,Reviewed in India on 11 Jun 2025,True,1,-0.3506,negative,"{""wheels"": ""negative"", ""material"": ""positive"", ""durability"": ""positive"", ""design"": ""positive""}"
B0YM0WBGLM,Skybags,R0LTHY25M8KB9,5.0,Excellent quality,Very happy with this purchase. youth appeal and spacious. Used for a international trip and worked perfectly. Recommended.,User_83118,Reviewed in India on 18 Mar 2025,True,0,0.9286,positive,"{""size_capacity"": ""positive""}"
B0YM0WBGLM,Skybags,RBORIQ8HKE226,5.0,Happy with purchase,"easy to maneuver. After 2 weeks of use, no issues. youth appeal. 4 stars.",User_59166,Reviewed in India on 17 Jan 2025,True,5,0.6597,positive,{}
B0YM0WBGLM,Skybags,R1F537YE0QZSA,4.0,Highly recommended,Used it for a business trip. easy to maneuver. The youth appeal part is really impressive.,User_6771,Reviewed in India on 22 Oct 2025,False,0,0.8218,positive,{}
B0YM0WBGLM,Skybags,R1WHHKT1YJFE8,1.0,Bad experience,zipper alignment within first month. material feels thin. Going for a different brand next time.,User_74351,Reviewed in India on 17 Feb 2025,True,0,-0.5423,negative,"{""zipper"": ""neutral"", ""material"": ""neutral""}"
B0YM0WBGLM,Skybags,RL6TBB6BNDOZ6,4.0,Great product,"spacious. After 2 weeks of use, no issues. lightweight. 4 stars.",User_83505,Reviewed in India on 27 Aug 2025,True,0,0.4404,positive,"{""size_capacity"": ""positive"", ""weight"": ""positive""}"
B0YM0WBGLM,Skybags,RUD2ZDLX1Q8F6,2.0,Returned,Got delivered fine but fabric tears. Definitely not worth the price. Avoid.,User_34823,Reviewed in India on 12 Jul 2025,True,5,-0.2957,negative,"{""material"": ""neutral"", ""durability"": ""neutral"", ""value"": ""positive""}"
B0YM0WBGLM,Skybags,RRMQG1VED32LX,5.0,Great product,Got this on a deal. value for money and value for money. Suitable for weekend use.,User_40599,Reviewed in India on 18 Aug 2025,True,0,0.836,positive,"{""value"": ""neutral""}"
B0YM0WBGLM,Skybags,R3V2P2TIXC7UR,5.0,Worth the money,Used it for a international trip. value for money. The trendy colors part is really impressive.,User_78616,Reviewed in India on 20 Aug 2025,True,0,0.7841,positive,"{""design"": ""neutral"", ""value"": ""positive""}"
B0YM0WBGLM,Skybags,R31NRXD356WAF,4.0,Happy with purchase,Quality is good for the price. trendy colors. spacious. Happy with the purchase.,User_20558,Reviewed in India on 15 Sep 2025,True,1,0.8834,positive,"{""size_capacity"": ""positive"", ""design"": ""neutral"", ""value"": ""positive""}"
B077Z69UWS,Skybags,RWZOPHGFT4MPK,2.0,Returned,Used only for one trip and wheels noisy. fabric tears. Not recommended.,User_88826,Reviewed in India on 5 Mar 2025,True,1,-0.4926,negative,"{""wheels"": ""negative"", ""material"": ""neutral"", ""durability"": ""neutral""}"
B077Z69UWS,Skybags,R346Z7WQP3NIP,5.0,Happy with purchase,Quality is good for the price. lightweight. trendy colors. Happy with the purchase.,User_1973,Reviewed in India on 19 Aug 2025,True,0,0.8834,positive,"{""weight"": ""positive"", ""design"": ""neutral"", ""value"": ""positive""}"
B077Z69UWS,Skybags,RZERYF0992QC6,5.0,Good buy,Got this on a deal. trendy colors and trendy colors. Suitable for business use.,User_12592,Reviewed in India on 8 Aug 2025,True,1,0.4404,positive,"{""design"": ""neutral""}"
B077Z69UWS,Skybags,RTAQ6ULM9KGZV,3.0,Has pros and cons,"Has its pros and cons. spacious. On the negative side, material feels thin.",User_40855,Reviewed in India on 24 Oct 2025,True,1,-0.5719,negative,"{""material"": ""neutral"", ""size_capacity"": ""positive""}"
B077Z69UWS,Skybags,RKCS4KEK4AEGV,5.0,Great product,"youth appeal. After 2 weeks of use, no issues. easy to maneuver. 4 stars.",User_20809,Reviewed in India on 22 Aug 2025,True,0,0.1265,positive,{}
B077Z69UWS,Skybags,R98V341ONX0GU,1.0,Poor quality,Used only for one trip and fabric tears. material feels thin. Not recommended.,User_46229,Reviewed in India on 2 May 2025,True,0,-0.68,negative,"{""material"": ""neutral"", ""durability"": ""neutral""}"
B077Z69UWS,Skybags,RIYOJTPK2NLT8,4.0,Excellent quality,"value for money. After 2 weeks of use, no issues. easy to maneuver. 4 stars.",User_13761,Reviewed in India on 18 Jun 2025,False,0,0.3599,positive,"{""value"": ""neutral""}"
B0IY1SY9LA,Skybags,R8DVN1X2GDGKX,4.0,Happy with purchase,Good buy at this price. spacious. easy to maneuver. Will buy again from this brand.,User_10924,Reviewed in India on 21 Aug 2025,False,0,0.8591,positive,"{""size_capacity"": ""positive"", ""value"": ""positive""}"
B0IY1SY9LA,Skybags,RJCN9J3GC9HOX,5.0,Great product,Got this on a deal. good wheels and lightweight. Suitable for weeklong use.,User_15212,Reviewed in India on 5 Sep 2025,True,0,0.7906,positive,"{""wheels"": ""positive"", ""weight"": ""positive""}"
B0IY1SY9LA,Skybags,RBC01ARXABOFL,3.0,Mixed,Decent product. easy to maneuver but unfortunately zipper alignment. 3 stars.,User_52292,Reviewed in India on 19 Jan 2025,True,12,-0.2846,negative,"{""zipper"": ""positive""}"
B0IY1SY9LA,Skybags,R83RU7MYOW8DT,5.0,Good buy,Bought this last month and used for weekend. spacious. lightweight. Worth the price.,User_45572,Reviewed in India on 3 Aug 2025,True,0,0.5859,positive,"{""size_capacity"": ""positive"", ""weight"": ""positive"", ""value"": ""positive""}"
B0IY1SY9LA,Skybags,RODYR5PGBA9IN,5.0,Happy with purchase,Quality is good for the price. easy to maneuver. lightweight. Happy with the purchase.,User_71851,Reviewed in India on 21 May 2025,True,12,0.9217,positive,"{""weight"": ""positive"", ""value"": ""positive""}"
B0IY1SY9LA,Skybags,RMZOHXS75T0IC,2.0,Not worth it,Disappointed. material feels thin. Returning the product. Expected better at this price.,User_97398,Reviewed in India on 5 Aug 2025,True,0,0.5842,positive,"{""material"": ""neutral"", ""value"": ""positive""}"
B0IY1SY9LA,Skybags,RW63DW4C3EVWC,1.0,Disappointed,Got delivered fine but handle wobbly. Definitely not worth the price. Avoid.,User_27560,Reviewed in India on 14 Jun 2025,True,30,-0.2261,negative,"{""handle"": ""negative"", ""value"": ""positive""}"
B0VMEFOZTP,Safari,R1YHXSO7VBGR8,5.0,Loved it,"durable for price. After 2 weeks of use, no issues. warranty service good. 4 stars.",User_83207,Reviewed in India on 27 May 2025,True,0,0.6808,positive,"{""durability"": ""positive"", ""value"": ""positive""}"
B0VMEFOZTP,Safari,R9SQWHBEF46RF,4.0,Loved it,Bought this last month and used for weeklong. good for domestic travel. lightweight. Worth the price.,User_6651,Reviewed in India on 2 Jun 2025,True,0,0.8271,positive,"{""weight"": ""positive"", ""value"": ""positive""}"
B0VMEFOZTP,Safari,R7G2RE6ZVLHYL,5.0,Great product,Used it for a short trip. best value. The best value part is really impressive.,User_15435,Reviewed in India on 11 Apr 2025,True,2,0.9678,positive,"{""value"": ""positive""}"
B0VMEFOZTP,Safari,RR6F7QNEZW9HE,1.0,Bad experience,Used only for one trip and wheels not smooth. color different from photo. Not recommended.,User_91729,Reviewed in India on 19 Jan 2025,True,0,-0.6239,negative,"{""wheels"": ""positive"", ""design"": ""neutral""}"
B0VMEFOZTP,Safari,R2WWG84D4R9V4,5.0,Worth the money,Got this on a deal. spacious and lightweight. Suitable for business use.,User_37591,Reviewed in India on 1 Jul 2025,True,0,0.2263,positive,"{""size_capacity"": ""positive"", ""weight"": ""positive"", ""value"": ""positive""}"
B0VMEFOZTP,Safari,RBQ1BTR23QIUA,5.0,Great product,"Excellent product. good for domestic travel, best value. Delivery was on time and packaging was good.",User_96916,Reviewed in India on 14 Apr 2025,True,0,0.9648,positive,"{""value"": ""positive""}"
B0VMEFOZTP,Safari,RFQUV9QEZG5WZ,3.0,Has pros and cons,Mixed feelings. best value but color different from photo. 3 stars overall.,User_1178,Reviewed in India on 28 Feb 2025,True,1,0.5106,positive,"{""design"": ""positive"", ""value"": ""positive""}"
B0WM7S6NBN,Safari,RH0IMJYJCMRSE,4.0,Happy with purchase,Used it for a weeklong trip. warranty service good. The good for domestic travel part is really impressive.,User_94038,Reviewed in India on 18 Sep 2025,False,0,0.92,positive,{}
B0WM7S6NBN,Safari,ROG8CFEFFH8AO,5.0,Great product,Bought this last month and used for weekend. spacious. durable for price. Worth the price.,User_90443,Reviewed in India on 18 Mar 2025,True,0,0.7184,positive,"{""size_capacity"": ""positive"", ""durability"": ""positive"", ""value"": ""positive""}"
B0WM7S6NBN,Safari,R4SMUX2RXTTQU,1.0,Disappointed,Used only for one trip and wheels not smooth. wheels not smooth. Not recommended.,User_41172,Reviewed in India on 6 May 2025,True,0,-0.3943,negative,"{""wheels"": ""positive""}"
B0WM7S6NBN,Safari,RWFTGGZ62FE9U,5.0,Worth the money,"Excellent product. lightweight, lightweight. Delivery was on time and packaging was good.",User_58788,Reviewed in India on 9 Jun 2025,True,1,0.8176,positive,"{""weight"": ""positive"", ""value"": ""positive""}"
B0WM7S6NBN,Safari,R9TEA7187F8TS,4.0,Excellent quality,Got this on a deal. spacious and lightweight. Suitable for family use.,User_85835,Reviewed in India on 23 May 2025,True,0,0.5719,positive,"{""size_capacity"": ""positive"", ""weight"": ""positive""}"
B0WM7S6NBN,Safari,R6PY06FTLO4QD,2.0,Avoid,Quality is not as expected. zipper stuck. minor scratches on arrival. Below average product.,User_8213,Reviewed in India on 20 Apr 2025,True,0,-0.4939,negative,"{""zipper"": ""negative""}"
B0WM7S6NBN,Safari,RY89ORVSCYOZP,1.0,Returned,Disappointed. wheels not smooth. Returning the product. Expected better at this price.,User_51608,Reviewed in India on 12 Jan 2025,True,0,-0.0516,negative,"{""wheels"": ""positive"", ""value"": ""neutral""}"
B0WM7S6NBN,Safari,R92K38P6FVDHR,2.0,Avoid,Disappointed. zipper stuck. Returning the product. Expected better at this price.,User_69852,Reviewed in India on 11 Feb 2025,False,1,-0.5267,negative,"{""zipper"": ""negative"", ""value"": ""neutral""}"
B0WM7S6NBN,Safari,RZ1EGNTB34KUQ,4.0,Good buy,"durable for price. After 2 weeks of use, no issues. spacious. 4 stars.",User_4517,Reviewed in India on 26 Jan 2025,True,0,0.1779,positive,"{""size_capacity"": ""positive"", ""durability"": ""positive"", ""value"": ""positive""}"
B0B1R8VNRP,Safari,RNW8BKXCGW1VG,4.0,Highly recommended,"Excellent product. lightweight, spacious. Delivery was on time and packaging was good.",User_43284,Reviewed in India on 28 Jun 2025,True,1,0.839,positive,"{""size_capacity"": ""positive"", ""weight"": ""positive""}"
B0B1R8VNRP,Safari,R3ASNRM6DFHG6,5.0,Highly recommended,Got this on a deal. best value and good for domestic travel. Suitable for business use.,User_81403,Reviewed in India on 23 Sep 2025,True,2,0.8908,positive,"{""value"": ""positive""}"
B0B1R8VNRP,Safari,R37RLN36V1MZB,2.0,Not worth it,Looks good in pictures but color different from photo. Also wheels not smooth. Returning.,User_16544,Reviewed in India on 8 Mar 2025,False,0,0.1573,positive,"{""wheels"": ""positive"", ""design"": ""positive"", ""value"": ""positive""}"
B0B1R8VNRP,Safari,R2C11BD2SCEJC,4.0,Loved it,"Excellent product. best value, durable for price. Delivery was on time and packaging was good.",User_88501,Reviewed in India on 1 Feb 2025,True,5,0.9524,positive,"{""durability"": ""positive"", ""value"": ""positive""}"
B0B1R8VNRP,Safari,RF0JUM42WSC31,5.0,Great product,"Excellent product. warranty service good, lightweight. Delivery was on time and packaging was good.",User_70315,Reviewed in India on 7 Apr 2025,False,0,0.9274,positive,"{""weight"": ""positive""}"
B0B1R8VNRP,Safari,R4RZGYD49PSO1,1.0,Bad experience,Got delivered fine but wheels not smooth. Definitely not worth the price. Avoid.,User_42193,Reviewed in India on 4 Aug 2025,True,0,-0.8194,negative,"{""wheels"": ""positive"", ""value"": ""positive""}"
B0B1R8VNRP,Safari,RRNQ0Y4IO9P46,2.0,Poor quality,Quality is not as expected. wheels not smooth. wheels not smooth. Below average product.,User_63347,Reviewed in India on 22 Jun 2025,True,30,-0.4767,negative,"{""wheels"": ""positive""}"
B0B1R8VNRP,Safari,REOZ906GNHH4O,4.0,Great product,Used it for a short trip. good for domestic travel. The warranty service good part is really impressive.,User_31522,Reviewed in India on 27 Jul 2025,True,0,0.9259,positive,{}
B0B1R8VNRP,Safari,RY89SFQERI7B0,2.0,Returned,"After 3 months of light use, color different from photo. Customer service was slow to respond.",User_9942,Reviewed in India on 16 Jan 2025,False,0,0.0,neutral,"{""weight"": ""neutral"", ""design"": ""neutral""}"
B0B1R8VNRP,Safari,R1XSRQKRST3TA,3.0,Mixed,"lightweight, however minor scratches on arrival. Decide based on your needs.",User_5141,Reviewed in India on 14 Feb 2025,True,0,0.0,neutral,"{""weight"": ""positive""}"
B0B1R8VNRP,Safari,R25FPLO1URTTQ,5.0,Loved it,Very happy with this purchase. spacious and good for domestic travel. Used for a short trip and worked perfectly. Recommended.,User_74695,Reviewed in India on 28 Mar 2025,True,0,0.9501,positive,"{""size_capacity"": ""positive""}"
B0M0A6MDMM,Safari,RU6JZV9NOU3DY,5.0,Good buy,Very happy with this purchase. durable for price and warranty service good. Used for a weeklong trip and worked perfectly. Recommended.,User_45035,Reviewed in India on 16 Sep 2025,True,1,0.9412,positive,"{""durability"": ""positive"", ""value"": ""positive""}"
B0M0A6MDMM,Safari,R9C4HJKU2W8ZU,4.0,Loved it,Quality is good for the price. spacious. durable for price. Happy with the purchase.,User_78576,Reviewed in India on 11 May 2025,True,2,0.8885,positive,"{""size_capacity"": ""positive"", ""durability"": ""positive"", ""value"": ""positive""}"
B0M0A6MDMM,Safari,RKXLOJSYT5WSG,4.0,Loved it,Bought this last month and used for business. warranty service good. lightweight. Worth the price.,User_66431,Reviewed in India on 7 Aug 2025,True,1,0.8271,positive,"{""weight"": ""positive"", ""value"": ""positive""}"
B0M0A6MDMM,Safari,RHQI014O46W4J,2.0,Bad experience,Looks good in pictures but minor scratches on arrival. Also wheels not smooth. Returning.,User_38623,Reviewed in India on 21 Mar 2025,True,1,-0.0772,negative,"{""wheels"": ""positive"", ""design"": ""positive""}"
B0M0A6MDMM,Safari,RLR9P6HJB2JTX,4.0,Loved it,Good buy at this price. best value. spacious. Will buy again from this brand.,User_6535,Reviewed in India on 24 Aug 2025,True,0,0.9246,positive,"{""size_capacity"": ""positive"", ""value"": ""positive""}"
B0M0A6MDMM,Safari,RY5O44IUSEXU1,1.0,Poor quality,"After 3 months of light use, wheels not smooth. Customer service was slow to respond.",User_69846,Reviewed in India on 9 Aug 2025,False,0,-0.4767,negative,"{""wheels"": ""positive"", ""weight"": ""positive""}"
B0M0A6MDMM,Safari,R0IPFG8PJVRN8,5.0,Loved it,Got this on a deal. good for domestic travel and warranty service good. Suitable for family use.,User_42482,Reviewed in India on 18 Jul 2025,True,0,0.8658,positive,{}
B0M0A6MDMM,Safari,R3A8V4X7Y2ITL,5.0,Highly recommended,"Excellent product. lightweight, durable for price. Delivery was on time and packaging was good.",User_92831,Reviewed in India on 12 Feb 2025,True,0,0.839,positive,"{""durability"": ""positive"", ""weight"": ""positive"", ""value"": ""positive""}"
B0M0A6MDMM,Safari,R1K4FPL3X2JC2,4.0,Loved it,Quality is good for the price. lightweight. lightweight. Happy with the purchase.,User_65447,Reviewed in India on 16 Jul 2025,False,0,0.8885,positive,"{""weight"": ""positive"", ""value"": ""positive""}"
B030QABXW2,Safari,RR0JY32HOG585,2.0,Returned,Got delivered fine but color different from photo. Definitely not worth the price. Avoid.,User_30423,Reviewed in India on 1 Jan 2025,False,1,0.039,neutral,"{""design"": ""neutral"", ""value"": ""positive""}"
B030QABXW2,Safari,RZGOPJDN8EZP7,3.0,Has pros and cons,Mixed feelings. durable for price but zipper stuck. 3 stars overall.,User_60468,Reviewed in India on 27 Aug 2025,True,2,-0.3612,negative,"{""zipper"": ""negative"", ""durability"": ""positive"", ""value"": ""positive""}"
B030QABXW2,Safari,RE4V9KYPOFKJW,5.0,Good buy,"lightweight. After 2 weeks of use, no issues. warranty service good. 4 stars.",User_33547,Reviewed in India on 12 Oct 2025,True,0,0.5574,positive,"{""weight"": ""positive""}"
B030QABXW2,Safari,RZZ0JDCLI6978,4.0,Worth the money,Got this on a deal. warranty service good and durable for price. Suitable for short use.,User_79411,Reviewed in India on 23 Jan 2025,True,1,0.5859,positive,"{""durability"": ""positive"", ""value"": ""positive""}"
B030QABXW2,Safari,RGGRMQDZPJL9R,5.0,Excellent quality,Got this on a deal. spacious and good for domestic travel. Suitable for weekend use.,User_37831,Reviewed in India on 24 Jun 2025,False,0,0.765,positive,"{""size_capacity"": ""positive""}"
B030QABXW2,Safari,RPF0R8U7WPGBG,2.0,Poor quality,handle stuck within first month. minor scratches on arrival. Going for a different brand next time.,User_62636,Reviewed in India on 9 Mar 2025,True,0,-0.6249,negative,"{""handle"": ""negative""}"
B030QABXW2,Safari,RUQEZFMHK403U,2.0,Avoid,Disappointed. color different from photo. Returning the product. Expected better at this price.,User_87918,Reviewed in India on 19 Apr 2025,True,12,-0.34,negative,"{""design"": ""neutral"", ""value"": ""neutral""}"
B030QABXW2,Safari,RY5AYYOV84FC3,5.0,Good buy,Quality is good for the price. best value. spacious. Happy with the purchase.,User_87447,Reviewed in India on 16 Aug 2025,True,0,0.9442,positive,"{""size_capacity"": ""positive"", ""value"": ""positive""}"
B030QABXW2,Safari,RL008UHBXLBC8,3.0,Average,"Has its pros and cons. best value. On the negative side, minor scratches on arrival.",User_50989,Reviewed in India on 3 Jul 2025,True,0,0.4404,positive,"{""value"": ""positive""}"
B030QABXW2,Safari,R2K1XERP3LYEX,1.0,Returned,Disappointed. zipper stuck. Returning the product. Expected better at this price.,User_49163,Reviewed in India on 17 Apr 2025,True,5,-0.296,negative,"{""zipper"": ""negative"", ""value"": ""neutral""}"
B030QABXW2,Safari,RWPPBMQIYFRWS,5.0,Highly recommended,Quality is good for the price. best value. durable for price. Happy with the purchase.,User_39103,Reviewed in India on 15 Jul 2025,True,2,0.9359,positive,"{""durability"": ""positive"", ""value"": ""positive""}"
B030QABXW2,Safari,RUT7SSOQZ3MV1,5.0,Highly recommended,"spacious. After 2 weeks of use, no issues. good for domestic travel. 4 stars.",User_3132,Reviewed in India on 4 Aug 2025,True,0,-0.3639,negative,"{""size_capacity"": ""positive""}"
B0WJ85GG0V,Safari,RMYYOKEAEA84H,2.0,Bad experience,Looks good in pictures but handle stuck. Also minor scratches on arrival. Returning.,User_86016,Reviewed in India on 5 Apr 2025,True,1,-0.4215,negative,"{""handle"": ""negative"", ""design"": ""positive""}"
B0WJ85GG0V,Safari,RPE60QRAQIK3O,1.0,Returned,"After 3 months of light use, color different from photo. Customer service was slow to respond.",User_44758,Reviewed in India on 1 Feb 2025,True,2,0.0,neutral,"{""weight"": ""neutral"", ""design"": ""neutral""}"
B0WJ85GG0V,Safari,RTKRRVWY3RZTP,2.0,Avoid,Got delivered fine but minor scratches on arrival. Definitely not worth the price. Avoid.,User_42399,Reviewed in India on 18 Feb 2025,True,1,-0.1152,negative,"{""value"": ""positive""}"
B0WJ85GG0V,Safari,RPF0QPSVY74ZQ,1.0,Avoid,Quality is not as expected. handle stuck. color different from photo. Below average product.,User_39455,Reviewed in India on 24 Jul 2025,False,2,-0.4939,negative,"{""handle"": ""negative"", ""design"": ""neutral""}"
B0WJ85GG0V,Safari,RK0YEHVDO9KHB,3.0,Okay product,"Has its pros and cons. durable for price. On the negative side, zipper stuck.",User_3376,Reviewed in India on 12 May 2025,True,0,-0.5859,negative,"{""zipper"": ""negative"", ""durability"": ""positive"", ""value"": ""positive""}"
B0WJ85GG0V,Safari,REIUR9211U645,2.0,Returned,Disappointed. wheels not smooth. Returning the product. Expected better at this price.,User_80205,Reviewed in India on 22 Feb 2025,True,5,-0.0516,negative,"{""wheels"": ""positive"", ""value"": ""neutral""}"
B0WJ85GG0V,Safari,R4DUSGEHN0Z1R,5.0,Loved it,Bought this last month and used for business. best value. good for domestic travel. Worth the price.,User_14014,Reviewed in India on 5 Jun 2025,True,0,0.936,positive,"{""value"": ""positive""}"
B0WJ85GG0V,Safari,RMSDN1MXF1PI2,1.0,Returned,Looks good in pictures but wheels not smooth. Also zipper stuck. Returning.,User_55186,Reviewed in India on 14 Aug 2025,False,1,-0.1406,negative,"{""wheels"": ""positive"", ""zipper"": ""negative"", ""design"": ""positive""}"
B0WJ85GG0V,Safari,RZSCMO1POB7FU,3.0,Mixed,Mixed feelings. durable for price but zipper stuck. 3 stars overall.,User_83786,Reviewed in India on 23 Sep 2025,False,0,-0.3612,negative,"{""zipper"": ""negative"", ""durability"": ""positive"", ""value"": ""positive""}"
B0WJ85GG0V,Safari,RAKT7ZQHT2XZ5,2.0,Poor quality,handle stuck within first month. handle stuck. Going for a different brand next time.,User_86033,Reviewed in India on 13 Apr 2025,False,0,-0.7269,negative,"{""handle"": ""negative""}"
B0WJ85GG0V,Safari,RDTS1FB2VI109,4.0,Worth the money,"Excellent product. good for domestic travel, good for domestic travel. Delivery was on time and packaging was good.",User_15475,Reviewed in India on 24 Jan 2025,True,0,0.9231,positive,"{""value"": ""positive""}"
B0WJ85GG0V,Safari,RAMI0UZ7X4IKY,4.0,Happy with purchase,Bought this last month and used for business. durable for price. lightweight. Worth the price.,User_94697,Reviewed in India on 19 Mar 2025,True,1,0.6808,positive,"{""durability"": ""positive"", ""weight"": ""positive"", ""value"": ""positive""}"
B0Z3CC5RQN,Safari,RRQ8STZQBFU7E,1.0,Disappointed,Used only for one trip and zipper stuck. minor scratches on arrival. Not recommended.,User_54558,Reviewed in India on 4 Feb 2025,True,0,-0.69,negative,"{""zipper"": ""negative""}"
B0Z3CC5RQN,Safari,RBF2P7KKG0ATC,4.0,Good buy,"lightweight. After 2 weeks of use, no issues. lightweight. 4 stars.",User_6856,Reviewed in India on 14 Aug 2025,True,1,0.1779,positive,"{""weight"": ""positive""}"
B0Z3CC5RQN,Safari,RSQQQ5L2XOIOT,2.0,Disappointed,Looks good in pictures but minor scratches on arrival. Also zipper stuck. Returning.,User_88876,Reviewed in India on 15 May 2025,True,5,-0.3818,negative,"{""zipper"": ""negative"", ""design"": ""positive""}"
B0Z3CC5RQN,Safari,REUGWUBUGR6E7,2.0,Avoid,handle stuck within first month. minor scratches on arrival. Going for a different brand next time.,User_24559,Reviewed in India on 1 May 2025,True,0,-0.4939,negative,"{""handle"": ""negative""}"
B0Z3CC5RQN,Safari,RLVR7MGATND9T,2.0,Bad experience,Looks good in pictures but wheels not smooth. Also minor scratches on arrival. Returning.,User_38401,Reviewed in India on 5 Mar 2025,True,0,-0.0772,negative,"{""wheels"": ""positive"", ""design"": ""positive""}"
B0Z3CC5RQN,Safari,RACOLOLN3EH1V,5.0,Worth the money,"Excellent product. best value, good for domestic travel. Delivery was on time and packaging was good.",User_65615,Reviewed in India on 17 Sep 2025,True,0,0.9517,positive,"{""value"": ""positive""}"
B0Z3CC5RQN,Safari,RW6ATVD1XEUQ4,5.0,Good buy,Quality is good for the price. best value. durable for price. Happy with the purchase.,User_66592,Reviewed in India on 7 Mar 2025,True,30,0.9442,positive,"{""durability"": ""positive"", ""value"": ""positive""}"
B0Z3CC5RQN,Safari,RAQ3K8A7RV4NM,1.0,Not worth it,Looks good in pictures but minor scratches on arrival. Also color different from photo. Returning.,User_83864,Reviewed in India on 7 Oct 2025,True,0,0.1573,positive,"{""design"": ""positive"", ""value"": ""positive""}"
B0Z3CC5RQN,Safari,REFUKPV8LYMJ1,5.0,Happy with purchase,Bought this last month and used for family. lightweight. best value. Worth the price.,User_60338,Reviewed in India on 9 Apr 2025,True,0,0.9042,positive,"{""weight"": ""positive"", ""value"": ""positive""}"
B0Z3CC5RQN,Safari,R7VAAGUZROC5X,5.0,Happy with purchase,Got this on a deal. best value and warranty service good. Suitable for domestic use.,User_71601,Reviewed in India on 1 Aug 2025,True,0,0.9217,positive,"{""value"": ""positive""}"
B07QHAK7MD,Safari,R5URTXUYUCECJ,3.0,Mixed,Mixed feelings. spacious but color different from photo. 3 stars overall.,User_75698,Reviewed in India on 28 Apr 2025,False,2,0.0,neutral,"{""size_capacity"": ""positive"", ""design"": ""positive""}"
B07QHAK7MD,Safari,RJUQ7X7B7P9JY,5.0,Excellent quality,Very happy with this purchase. warranty service good and warranty service good. Used for a business trip and worked perfectly. Recommended.,User_62156,Reviewed in India on 16 Jun 2025,True,0,0.9612,positive,{}
B07QHAK7MD,Safari,RAHCUA09PCIFL,1.0,Poor quality,Looks good in pictures but minor scratches on arrival. Also color different from photo. Returning.,User_83050,Reviewed in India on 21 Feb 2025,True,0,-0.0258,neutral,"{""design"": ""positive""}"
B07QHAK7MD,Safari,RIMBM271W1WUD,5.0,Good buy,Got this on a deal. lightweight and spacious. Suitable for weekend use.,User_8954,Reviewed in India on 2 Jul 2025,True,2,0.4404,positive,"{""size_capacity"": ""positive"", ""weight"": ""positive""}"
B07QHAK7MD,Safari,RPDCB4OWO52WQ,4.0,Happy with purchase,Used it for a business trip. best value. The lightweight part is really impressive.,User_61844,Reviewed in India on 26 Jul 2025,False,1,0.9312,positive,"{""weight"": ""positive"", ""value"": ""positive""}"
B07QHAK7MD,Safari,RGDVC2GUWJP0Q,5.0,Excellent quality,Very happy with this purchase. durable for price and good for domestic travel. Used for a international trip and worked perfectly. Recommended.,User_32870,Reviewed in India on 5 Jan 2025,True,0,0.9485,positive,"{""durability"": ""positive"", ""value"": ""positive""}"
B07QHAK7MD,Safari,RFQVK8SXFI3UB,5.0,Loved it,Got this on a deal. lightweight and good for domestic travel. Suitable for business use.,User_46064,Reviewed in India on 7 Apr 2025,True,0,0.7783,positive,"{""weight"": ""positive""}"
B07QHAK7MD,Safari,RY4UMKLD56R7W,4.0,Excellent quality,Used it for a family trip. warranty service good. The warranty service good part is really impressive.,User_91861,Reviewed in India on 8 Aug 2025,True,0,0.92,positive,{}
B07QHAK7MD,Safari,RG9NCBEKGV1BB,2.0,Returned,"After 3 months of light use, color different from photo. Customer service was slow to respond.",User_26929,Reviewed in India on 10 Mar 2025,True,0,0.0,neutral,"{""weight"": ""neutral"", ""design"": ""neutral""}"
B07QHAK7MD,Safari,R46AYN2D7KI3X,5.0,Worth the money,Good buy at this price. spacious. spacious. Will buy again from this brand.,User_70065,Reviewed in India on 26 Oct 2025,False,5,0.5859,positive,"{""size_capacity"": ""positive"", ""value"": ""positive""}"
B07QHAK7MD,Safari,RYLPW71V4KFIW,4.0,Good buy,"Excellent product. spacious, spacious. Delivery was on time and packaging was good.",User_37709,Reviewed in India on 28 Mar 2025,False,12,0.8591,positive,"{""size_capacity"": ""positive""}"
B07QHAK7MD,Safari,RGN51NSGZSR8R,1.0,Not worth it,Disappointed. color different from photo. Returning the product. Expected better at this price.,User_77177,Reviewed in India on 13 Oct 2025,True,0,0.5842,positive,"{""design"": ""neutral"", ""value"": ""positive""}"
B0F4JD1KSI,Safari,RSTCJIEMTMYJ0,4.0,Loved it,Bought this last month and used for international. lightweight. best value. Worth the price.,User_90592,Reviewed in India on 28 May 2025,True,1,0.9081,positive,"{""weight"": ""positive"", ""value"": ""positive""}"
B0F4JD1KSI,Safari,RM9831AX985I0,5.0,Loved it,"best value. After 2 weeks of use, no issues. lightweight. 4 stars.",User_28508,Reviewed in India on 16 Apr 2025,True,2,0.8519,positive,"{""weight"": ""positive"", ""value"": ""positive""}"
B0F4JD1KSI,Safari,R4P7PP4BF5L0R,2.0,Poor quality,Looks good in pictures but handle stuck. Also wheels not smooth. Returning.,User_87356,Reviewed in India on 27 Jun 2025,True,0,-0.3818,negative,"{""wheels"": ""positive"", ""handle"": ""negative"", ""design"": ""positive""}"
B0F4JD1KSI,Safari,RLA27F8LWVV59,3.0,Has pros and cons,Decent product. warranty service good but unfortunately minor scratches on arrival. 3 stars.,User_27765,Reviewed in India on 13 Feb 2025,True,0,-0.2846,negative,{}
B0F4JD1KSI,Safari,RDTBYRGC8KIXC,5.0,Worth the money,Used it for a weekend trip. warranty service good. The lightweight part is really impressive.,User_8530,Reviewed in India on 12 Sep 2025,True,0,0.8122,positive,"{""weight"": ""positive"", ""value"": ""positive""}"
B0F4JD1KSI,Safari,RRC85EHPZRV7V,1.0,Returned,Disappointed. zipper stuck. Returning the product. Expected better at this price.,User_66860,Reviewed in India on 23 Aug 2025,True,0,-0.296,negative,"{""zipper"": ""negative"", ""value"": ""neutral""}"
B0F4JD1KSI,Safari,R65QU0K5QZZKW,4.0,Highly recommended,Quality is good for the price. good for domestic travel. spacious. Happy with the purchase.,User_23954,Reviewed in India on 14 Apr 2025,True,1,0.8908,positive,"{""size_capacity"": ""positive"", ""value"": ""positive""}"
B05TXC066O,Safari,RQMOGBJZEYQQC,5.0,Happy with purchase,Bought this last month and used for short. warranty service good. warranty service good. Worth the price.,User_87117,Reviewed in India on 8 Aug 2025,True,2,0.886,positive,"{""value"": ""positive""}"
B05TXC066O,Safari,RKTOC1YFMHBYH,1.0,Disappointed,Disappointed. minor scratches on arrival. Returning the product. Expected better at this price.,User_92323,Reviewed in India on 2 Sep 2025,True,2,-0.5106,negative,"{""value"": ""neutral""}"
B05TXC066O,Safari,RA117NIDP9MGY,1.0,Bad experience,"After 3 months of light use, color different from photo. Customer service was slow to respond.",User_29910,Reviewed in India on 4 Mar 2025,True,0,-0.5423,negative,"{""weight"": ""neutral"", ""design"": ""neutral""}"
B05TXC066O,Safari,RHT7EHMGOLOQC,5.0,Excellent quality,Got this on a deal. good for domestic travel and warranty service good. Suitable for domestic use.,User_37497,Reviewed in India on 21 Oct 2025,True,0,0.8591,positive,{}
B05TXC066O,Safari,R94G8V9ZY9YLW,4.0,Loved it,Used it for a business trip. best value. The warranty service good part is really impressive.,User_91128,Reviewed in India on 11 Aug 2025,True,0,0.9516,positive,"{""value"": ""positive""}"
B05TXC066O,Safari,RZAA1EIPICERH,1.0,Bad experience,Quality is not as expected. zipper stuck. minor scratches on arrival. Below average product.,User_50250,Reviewed in India on 7 Jan 2025,True,2,-0.6705,negative,"{""zipper"": ""negative""}"
B05TXC066O,Safari,RX1S9XKA4LIT6,1.0,Poor quality,"After 3 months of light use, zipper stuck. Customer service was slow to respond.",User_88163,Reviewed in India on 8 Apr 2025,True,0,-0.6249,negative,"{""zipper"": ""negative"", ""weight"": ""negative""}"
B05TXC066O,Safari,RB97EGT2HSPQF,5.0,Worth the money,Very happy with this purchase. best value and durable for price. Used for a weekend trip and worked perfectly. Recommended.,User_26891,Reviewed in India on 8 Jul 2025,True,0,0.9552,positive,"{""durability"": ""positive"", ""value"": ""positive""}"
B0OGPS0132,Safari,RCEQFGAS0R778,4.0,Good buy,"durable for price. After 2 weeks of use, no issues. good for domestic travel. 4 stars.",User_49908,Reviewed in India on 13 Aug 2025,True,30,-0.1793,negative,"{""durability"": ""positive"", ""value"": ""positive""}"
B0OGPS0132,Safari,R1811MZWNCNPI,5.0,Worth the money,Bought this last month and used for domestic. durable for price. good for domestic travel. Worth the price.,User_63616,Reviewed in India on 2 Jun 2025,True,1,0.6908,positive,"{""durability"": ""positive"", ""value"": ""positive""}"
B0OGPS0132,Safari,R7FIUXFEDZNZ9,3.0,Average,"lightweight, however minor scratches on arrival. Decide based on your needs.",User_11531,Reviewed in India on 17 Apr 2025,False,0,0.0,neutral,"{""weight"": ""positive""}"
B0OGPS0132,Safari,R175DU23JH0ZA,5.0,Good buy,Quality is good for the price. good for domestic travel. lightweight. Happy with the purchase.,User_23072,Reviewed in India on 27 Aug 2025,True,0,0.9081,positive,"{""weight"": ""positive"", ""value"": ""positive""}"
B0OGPS0132,Safari,RGNZHG8Q3GCG1,3.0,Average,Decent product. warranty service good but unfortunately handle stuck. 3 stars.,User_34993,Reviewed in India on 28 Jul 2025,True,5,-0.5647,negative,"{""handle"": ""negative""}"
B0OGPS0132,Safari,RJMVRYDC1AU9D,5.0,Great product,Bought this last month and used for family. lightweight. best value. Worth the price.,User_69463,Reviewed in India on 26 Jan 2025,True,1,0.9118,positive,"{""weight"": ""positive"", ""value"": ""positive""}"
B0OGPS0132,Safari,RPN6937XNCMLD,1.0,Bad experience,Looks good in pictures but color different from photo. Also handle stuck. Returning.,User_60889,Reviewed in India on 28 Jul 2025,True,5,-0.4215,negative,"{""handle"": ""negative"", ""design"": ""positive""}"
B0OGPS0132,Safari,RWXROG983AMB3,5.0,Good buy,"warranty service good. After 2 weeks of use, no issues. spacious. 4 stars.",User_43667,Reviewed in India on 22 Aug 2025,True,0,0.5574,positive,"{""size_capacity"": ""positive""}"
B0OGPS0132,Safari,R460KHFSU4SE2,2.0,Avoid,"After 3 months of light use, color different from photo. Customer service was slow to respond.",User_40498,Reviewed in India on 27 Sep 2025,False,0,-0.296,negative,"{""weight"": ""neutral"", ""design"": ""neutral""}"
B09B7LNKZX,Safari,R600X28PIJKEM,2.0,Returned,Quality is not as expected. wheels not smooth. handle stuck. Below average product.,User_78620,Reviewed in India on 7 Feb 2025,True,0,0.1877,positive,"{""wheels"": ""positive"", ""handle"": ""negative""}"
B09B7LNKZX,Safari,RGNP127EXVDA4,4.0,Excellent quality,Very happy with this purchase. lightweight and best value. Used for a business trip and worked perfectly. Recommended.,User_42409,Reviewed in India on 5 May 2025,True,0,0.9652,positive,"{""weight"": ""positive"", ""value"": ""positive""}"
B09B7LNKZX,Safari,R3BLSYJ4UWHK8,5.0,Loved it,"Excellent product. warranty service good, warranty service good. Delivery was on time and packaging was good.",User_8708,Reviewed in India on 26 Jun 2025,True,2,0.946,positive,{}
B09B7LNKZX,Safari,R0K36FAOPRMOC,2.0,Returned,Used only for one trip and wheels not smooth. zipper stuck. Not recommended.,User_96257,Reviewed in India on 10 May 2025,True,0,0.0382,neutral,"{""wheels"": ""positive"", ""zipper"": ""negative""}"
B09B7LNKZX,Safari,R4ZQFEZKFH00A,1.0,Not worth it,Used only for one trip and handle stuck. minor scratches on arrival. Not recommended.,User_96152,Reviewed in India on 28 Oct 2025,True,2,-0.5037,negative,"{""handle"": ""negative"", ""value"": ""positive""}"
B09B7LNKZX,Safari,RMR8ESMPF0IEO,1.0,Not worth it,Looks good in pictures but zipper stuck. Also wheels not smooth. Returning.,User_40674,Reviewed in India on 23 Oct 2025,False,1,-0.2223,negative,"{""wheels"": ""positive"", ""zipper"": ""negative"", ""design"": ""positive"", ""value"": ""positive""}"
B09B7LNKZX,Safari,RWQAEEX6IV9RY,5.0,Highly recommended,Bought this last month and used for family. durable for price. warranty service good. Worth the price.,User_13393,Reviewed in India on 26 Oct 2025,True,0,0.7089,positive,"{""durability"": ""positive"", ""value"": ""positive""}"
B09B7LNKZX,Safari,RDC62G3AUT3RS,3.0,Okay product,Decent product. lightweight but unfortunately minor scratches on arrival. 3 stars.,User_77640,Reviewed in India on 18 Feb 2025,True,0,-0.3919,negative,"{""weight"": ""positive""}"
B0BUXDJ1DE,Safari,RZS9MTHD3IGK3,3.0,Average,Decent product. spacious but unfortunately minor scratches on arrival. 3 stars.,User_18590,Reviewed in India on 20 Sep 2025,True,0,-0.4767,negative,"{""size_capacity"": ""positive""}"
B0BUXDJ1DE,Safari,RXFQ8Y7FHWJWX,5.0,Good buy,Bought this last month and used for international. good for domestic travel. lightweight. Worth the price.,User_94643,Reviewed in India on 12 Oct 2025,True,2,0.7717,positive,"{""weight"": ""positive"", ""value"": ""positive""}"
B0BUXDJ1DE,Safari,RN8IJTYOLD62F,3.0,Average,Decent product. spacious but unfortunately handle stuck. 3 stars.,User_30591,Reviewed in India on 9 Jan 2025,True,12,-0.6808,negative,"{""handle"": ""negative"", ""size_capacity"": ""positive""}"
B0BUXDJ1DE,Safari,RV3DMUKJDBL1G,5.0,Highly recommended,Bought this last month and used for short. spacious. good for domestic travel. Worth the price.,User_98163,Reviewed in India on 22 Sep 2025,True,5,0.7089,positive,"{""size_capacity"": ""positive"", ""value"": ""positive""}"
B0BUXDJ1DE,Safari,RFEN0B09ZIVZG,5.0,Happy with purchase,"best value. After 2 weeks of use, no issues. warranty service good. 4 stars.",User_47399,Reviewed in India on 26 Aug 2025,True,0,0.9001,positive,"{""value"": ""positive""}"
B0BUXDJ1DE,Safari,R8OLDC08FC0TR,5.0,Great product,Good buy at this price. lightweight. warranty service good. Will buy again from this brand.,User_2401,Reviewed in India on 14 Sep 2025,False,0,0.872,positive,"{""weight"": ""positive"", ""value"": ""positive""}"
B0BUXDJ1DE,Safari,R60ZZ0I0835TV,5.0,Worth the money,Bought this last month and used for business. durable for price. best value. Worth the price.,User_80609,Reviewed in India on 15 Mar 2025,True,5,0.8555,positive,"{""durability"": ""positive"", ""value"": ""positive""}"
B0BUXDJ1DE,Safari,R8PNNE6IT1EKK,4.0,Highly recommended,Bought this last month and used for business. lightweight. spacious. Worth the price.,User_28926,Reviewed in India on 1 Oct 2025,True,5,0.4576,positive,"{""size_capacity"": ""positive"", ""weight"": ""positive"", ""value"": ""positive""}"
B0BUXDJ1DE,Safari,R4CAQKDM0OAPH,2.0,Bad experience,Quality is not as expected. wheels not smooth. color different from photo. Below average product.,User_70349,Reviewed in India on 17 Mar 2025,True,5,-0.5423,negative,"{""wheels"": ""positive"", ""design"": ""neutral""}"
B0DP4FMPM5,Safari,RRYE12O003E82,2.0,Bad experience,Disappointed. color different from photo. Returning the product. Expected better at this price.,User_17531,Reviewed in India on 5 Jun 2025,True,2,-0.5719,negative,"{""design"": ""neutral"", ""value"": ""neutral""}"
B0DP4FMPM5,Safari,RPKR1IFSI159I,5.0,Great product,Got this on a deal. durable for price and good for domestic travel. Suitable for short use.,User_57250,Reviewed in India on 7 Aug 2025,True,2,0.7906,positive,"{""durability"": ""positive"", ""value"": ""positive""}"
B0DP4FMPM5,Safari,RWIEB97PWDBOL,1.0,Avoid,Used only for one trip and zipper stuck. minor scratches on arrival. Not recommended.,User_84009,Reviewed in India on 8 Apr 2025,True,0,-0.5848,negative,"{""zipper"": ""negative""}"
B0DP4FMPM5,Safari,R7ZI6GAXLKKVP,5.0,Highly recommended,"best value. After 2 weeks of use, no issues. lightweight. 4 stars.",User_34064,Reviewed in India on 16 Jun 2025,True,0,0.7926,positive,"{""weight"": ""positive"", ""value"": ""positive""}"
B0DP4FMPM5,Safari,R0VVIJVDDWVB8,3.0,Has pros and cons,"lightweight, however handle stuck. Decide based on your needs.",User_86767,Reviewed in India on 27 Apr 2025,True,0,-0.25,negative,"{""handle"": ""negative"", ""weight"": ""positive""}"
B0DP4FMPM5,Safari,RHZBGTJ54696Q,5.0,Loved it,Got this on a deal. lightweight and warranty service good. Suitable for family use.,User_95021,Reviewed in India on 4 Jul 2025,True,0,0.7783,positive,"{""weight"": ""positive""}"
B0DP4FMPM5,Safari,RZEBU2Y0OY58F,1.0,Poor quality,Disappointed. zipper stuck. Returning the product. Expected better at this price.,User_99399,Reviewed in India on 17 Jul 2025,True,0,-0.6486,negative,"{""zipper"": ""negative"", ""value"": ""neutral""}"
B0DP4FMPM5,Safari,RUVA7SSZJ4KJE,3.0,Okay product,"spacious, however wheels not smooth. Decide based on your needs.",User_30350,Reviewed in India on 2 Sep 2025,True,0,0.2263,positive,"{""wheels"": ""positive"", ""size_capacity"": ""positive""}"
B0DP4FMPM5,Safari,R9HEXW8L85JE6,5.0,Worth the money,"Excellent product. lightweight, best value. Delivery was on time and packaging was good.",User_39652,Reviewed in India on 11 Jan 2025,True,0,0.9337,positive,"{""weight"": ""positive"", ""value"": ""positive""}"
B0DP4FMPM5,Safari,RX57U0Y8JWVHP,5.0,Excellent quality,"spacious. After 2 weeks of use, no issues. lightweight. 4 stars.",User_43501,Reviewed in India on 9 Apr 2025,True,2,0.3612,positive,"{""size_capacity"": ""positive"", ""weight"": ""positive""}"
B0GG5GR0XA,VIP,RA31XBIDFWA88,5.0,Good buy,Very happy with this purchase. easy to handle and trusted brand. Used for a family trip and worked perfectly. Recommended.,User_14938,Reviewed in India on 18 Jun 2025,False,0,0.9577,positive,"{""handle"": ""positive""}"
B0GG5GR0XA,VIP,RFCYWE3DKS4F6,5.0,Good buy,Used it for a international trip. good for the price. The decent build part is really impressive.,User_4145,Reviewed in India on 8 Jul 2025,True,0,0.8553,positive,"{""value"": ""positive""}"
B0GG5GR0XA,VIP,RI8KCMM7DBFPM,5.0,Great product,Quality is good for the price. trusted brand. spacious. Happy with the purchase.,User_24771,Reviewed in India on 22 Jul 2025,True,1,0.93,positive,"{""size_capacity"": ""positive"", ""value"": ""positive""}"
B0GG5GR0XA,VIP,RNJ622592FFQ2,5.0,Happy with purchase,Got this on a deal. trusted brand and decent build. Suitable for family use.,User_63709,Reviewed in India on 27 Feb 2025,True,0,0.7783,positive,{}
B0GG5GR0XA,VIP,RMRR9VWE77NTT,1.0,Returned,"After 3 months of light use, handle issues. Customer service was slow to respond.",User_65566,Reviewed in India on 18 Sep 2025,True,0,0.0,neutral,"{""handle"": ""negative"", ""weight"": ""negative""}"
B0GG5GR0XA,VIP,RZIA9AU87CM45,3.0,Okay product,Decent product. easy to handle but unfortunately not as durable as before. 3 stars.,User_19264,Reviewed in India on 10 Aug 2025,True,5,-0.1779,negative,"{""handle"": ""positive"", ""durability"": ""positive""}"
B0GG5GR0XA,VIP,R0EZF0ZPBDURV,2.0,Not worth it,Used only for one trip and handle issues. handle issues. Not recommended.,User_21732,Reviewed in India on 1 Mar 2025,True,0,-0.3089,negative,"{""handle"": ""negative"", ""value"": ""positive""}"
B0GG5GR0XA,VIP,RFS8Q0PXAECXV,5.0,Happy with purchase,Quality is good for the price. good for the price. good for the price. Happy with the purchase.,User_23751,Reviewed in India on 17 Mar 2025,True,2,0.9442,positive,"{""value"": ""positive""}"
B0GG5GR0XA,VIP,RZPF9S9EHWHG0,3.0,Has pros and cons,Decent product. easy to handle but unfortunately zipper problems. 3 stars.,User_74307,Reviewed in India on 20 Feb 2025,True,0,-0.6908,negative,"{""handle"": ""positive"", ""zipper"": ""negative""}"
B0GG5GR0XA,VIP,RXHDCV4BKTCV1,5.0,Highly recommended,Quality is good for the price. good for the price. trusted brand. Happy with the purchase.,User_41516,Reviewed in India on 7 Sep 2025,True,5,0.9286,positive,"{""value"": ""positive""}"
B0918SLOME,VIP,RYCW8IHYFZ9S9,3.0,Okay product,Mixed feelings. decent build but handle issues. 3 stars overall.,User_80788,Reviewed in India on 21 Sep 2025,False,0,0.1154,positive,"{""handle"": ""negative""}"
B0918SLOME,VIP,R61NHVCFWR2F5,1.0,Not worth it,"After 3 months of light use, not as durable as before. Customer service was slow to respond.",User_72714,Reviewed in India on 28 Feb 2025,True,0,-0.1695,negative,"{""durability"": ""positive"", ""weight"": ""positive"", ""value"": ""positive""}"
B0918SLOME,VIP,RDG1JRJ5XFEUB,4.0,Highly recommended,Bought this last month and used for international. decent build. easy to handle. Worth the price.,User_38568,Reviewed in India on 13 Jul 2025,False,5,0.7089,positive,"{""handle"": ""positive"", ""value"": ""positive""}"
B0918SLOME,VIP,RSJ5YWX0I3A4K,4.0,Good buy,Got this on a deal. decent build and trusted brand. Suitable for short use.,User_21736,Reviewed in India on 19 Jul 2025,False,0,0.7184,positive,{}
B0918SLOME,VIP,RT3DGD8OPOCMV,2.0,Avoid,"After 3 months of light use, build feels cheap now. Customer service was slow to respond.",User_28870,Reviewed in India on 23 Aug 2025,True,0,-0.296,negative,"{""weight"": ""negative"", ""value"": ""negative""}"
B0918SLOME,VIP,R91C329HHA1PJ,5.0,Great product,"Excellent product. good for the price, decent build. Delivery was on time and packaging was good.",User_24082,Reviewed in India on 3 Mar 2025,True,0,0.9274,positive,"{""value"": ""positive""}"
B0918SLOME,VIP,RGB6P8KH7RT28,5.0,Highly recommended,Quality is good for the price. easy to handle. good for the price. Happy with the purchase.,User_58250,Reviewed in India on 12 Oct 2025,True,0,0.9259,positive,"{""handle"": ""positive"", ""value"": ""positive""}"
B0918SLOME,VIP,RL9700LFQF5E8,2.0,Disappointed,Disappointed. not as durable as before. Returning the product. Expected better at this price.,User_54265,Reviewed in India on 9 Sep 2025,True,30,-0.5106,negative,"{""durability"": ""positive"", ""value"": ""neutral""}"
B0918SLOME,VIP,RB0GZ1VHHGY8N,2.0,Not worth it,Got delivered fine but build feels cheap now. Definitely not worth the price. Avoid.,User_48683,Reviewed in India on 1 May 2025,False,1,-0.0469,neutral,"{""value"": ""positive""}"
B0918SLOME,VIP,RM3P9M7QNTFPK,2.0,Returned,Got delivered fine but build feels cheap now. Definitely not worth the price. Avoid.,User_87455,Reviewed in India on 23 Jul 2025,True,2,0.039,neutral,"{""value"": ""negative""}"
B0R17DPUBK,VIP,RSJXL66YA6BA2,5.0,Worth the money,Quality is good for the price. trusted brand. decent build. Happy with the purchase.,User_69021,Reviewed in India on 27 Oct 2025,True,0,0.891,positive,"{""value"": ""positive""}"
B0R17DPUBK,VIP,R32UEW9G6SPD2,5.0,Good buy,Quality is good for the price. good for the price. easy to handle. Happy with the purchase.,User_67093,Reviewed in India on 4 Oct 2025,True,2,0.936,positive,"{""handle"": ""positive"", ""value"": ""positive""}"
B0R17DPUBK,VIP,RHDPWVBZ7CN0E,3.0,Has pros and cons,"Has its pros and cons. easy to handle. On the negative side, handle issues.",User_60468,Reviewed in India on 21 Jun 2025,True,1,-0.2023,negative,"{""handle"": ""positive""}"
B0R17DPUBK,VIP,RJ7WWUDQVDK6D,4.0,Great product,Good buy at this price. spacious. decent build. Will buy again from this brand.,User_65781,Reviewed in India on 28 Jun 2025,False,0,0.7906,positive,"{""size_capacity"": ""positive"", ""value"": ""positive""}"
B0R17DPUBK,VIP,RHP6WQFK6XW4E,5.0,Great product,Quality is good for the price. trusted brand. spacious. Happy with the purchase.,User_45932,Reviewed in India on 12 Aug 2025,False,1,0.93,positive,"{""size_capacity"": ""positive"", ""value"": ""positive""}"
B0R17DPUBK,VIP,RTS1HN6BEDYEJ,5.0,Great product,"trusted brand. After 2 weeks of use, no issues. good for the price. 4 stars.",User_27114,Reviewed in India on 3 Jun 2025,True,1,0.5565,positive,"{""value"": ""positive""}"
B0R17DPUBK,VIP,RGY5KOV1L28R5,5.0,Highly recommended,Quality is good for the price. easy to handle. spacious. Happy with the purchase.,User_56540,Reviewed in India on 20 May 2025,True,1,0.8908,positive,"{""handle"": ""positive"", ""size_capacity"": ""positive"", ""value"": ""positive""}"
B0R17DPUBK,VIP,RNWCGBSVK3X8M,3.0,Has pros and cons,Decent product. good for the price but unfortunately not as durable as before. 3 stars.,User_4924,Reviewed in India on 4 Mar 2025,True,0,-0.2846,negative,"{""durability"": ""positive"", ""value"": ""positive""}"
B0R17DPUBK,VIP,RLAYZHULICKHH,4.0,Loved it,Good buy at this price. decent build. decent build. Will buy again from this brand.,User_74525,Reviewed in India on 9 Oct 2025,False,2,0.7783,positive,"{""value"": ""positive""}"
B0R17DPUBK,VIP,RHBRBJEQVVIAA,3.0,Has pros and cons,Decent product. spacious but unfortunately zipper problems. 3 stars.,User_76465,Reviewed in India on 1 Aug 2025,True,2,-0.7684,negative,"{""zipper"": ""negative"", ""size_capacity"": ""positive""}"
B0J1OULWOZ,VIP,R033TAYB5BBKJ,5.0,Worth the money,Quality is good for the price. good for the price. good for the price. Happy with the purchase.,User_91167,Reviewed in India on 20 Jul 2025,True,0,0.9231,positive,"{""value"": ""positive""}"
B0J1OULWOZ,VIP,R58OQESUX9L0I,5.0,Excellent quality,"Excellent product. decent build, good for the price. Delivery was on time and packaging was good.",User_35578,Reviewed in India on 25 May 2025,True,0,0.9217,positive,"{""value"": ""positive""}"
B0J1OULWOZ,VIP,R8CAH3GDHVS41,1.0,Not worth it,Got delivered fine but handle issues. Definitely not worth the price. Avoid.,User_41871,Reviewed in India on 23 Aug 2025,True,2,-0.0469,neutral,"{""handle"": ""negative"", ""value"": ""positive""}"
B0J1OULWOZ,VIP,RS2GKFL5XF50I,4.0,Excellent quality,Got this on a deal. spacious and spacious. Suitable for weeklong use.,User_61404,Reviewed in India on 6 May 2025,True,1,0.5719,positive,"{""size_capacity"": ""positive""}"
B0J1OULWOZ,VIP,ROPMPNBN7GGGJ,4.0,Worth the money,Bought this last month and used for domestic. decent build. spacious. Worth the price.,User_80619,Reviewed in India on 16 Sep 2025,True,1,0.4215,positive,"{""size_capacity"": ""positive"", ""value"": ""positive""}"
B0J1OULWOZ,VIP,R6UITJ5ZOOH3Y,3.0,Mixed,Mixed feelings. good for the price but wheels broke after few trips. 3 stars overall.,User_65903,Reviewed in India on 7 Mar 2025,True,0,-0.4118,negative,"{""wheels"": ""negative"", ""durability"": ""negative"", ""value"": ""positive""}"
B0J1OULWOZ,VIP,RW04YGYFLQ8XP,5.0,Happy with purchase,Very happy with this purchase. trusted brand and good for the price. Used for a business trip and worked perfectly. Recommended.,User_3729,Reviewed in India on 6 May 2025,False,0,0.9623,positive,"{""value"": ""positive""}"
B0D3U94SGF,VIP,R46VEY0A94XFR,5.0,Happy with purchase,"decent build. After 2 weeks of use, no issues. easy to handle. 4 stars.",User_33029,Reviewed in India on 19 Jul 2025,True,2,0.0243,neutral,"{""handle"": ""positive""}"
B0D3U94SGF,VIP,RG6MLV8JGUZ4E,5.0,Excellent quality,Bought this last month and used for family. decent build. easy to handle. Worth the price.,User_60641,Reviewed in India on 19 Jun 2025,True,12,0.8176,positive,"{""handle"": ""positive"", ""value"": ""positive""}"
B0D3U94SGF,VIP,RUFRCKQH3ERAM,5.0,Excellent quality,Used it for a international trip. good for the price. The easy to handle part is really impressive.,User_1084,Reviewed in India on 2 May 2025,True,5,0.92,positive,"{""handle"": ""positive"", ""value"": ""positive""}"
B0D3U94SGF,VIP,RZF0P7KB7IYNO,1.0,Not worth it,not as durable as before within first month. handle issues. Going for a different brand next time.,User_13863,Reviewed in India on 9 May 2025,True,0,-0.1695,negative,"{""handle"": ""negative"", ""durability"": ""positive"", ""value"": ""positive""}"
B0D3U94SGF,VIP,RTKDUWTN5PEPL,5.0,Good buy,"Excellent product. good for the price, decent build. Delivery was on time and packaging was good.",User_90805,Reviewed in India on 23 Jun 2025,True,0,0.9081,positive,"{""value"": ""positive""}"
B0D3U94SGF,VIP,RDF62UNW65B4E,5.0,Good buy,Very happy with this purchase. easy to handle and trusted brand. Used for a weeklong trip and worked perfectly. Recommended.,User_88828,Reviewed in India on 1 Aug 2025,True,5,0.9577,positive,"{""handle"": ""positive""}"
B0D3U94SGF,VIP,RDKRLC0Y0BHF0,4.0,Excellent quality,Very happy with this purchase. decent build and trusted brand. Used for a international trip and worked perfectly. Recommended.,User_65920,Reviewed in India on 5 Apr 2025,False,1,0.9501,positive,{}
B0D3U94SGF,VIP,REAVEDHR3PCEO,5.0,Worth the money,Very happy with this purchase. spacious and easy to handle. Used for a short trip and worked perfectly. Recommended.,User_25123,Reviewed in India on 27 Apr 2025,True,1,0.9299,positive,"{""handle"": ""positive"", ""size_capacity"": ""positive"", ""value"": ""positive""}"
B0D3U94SGF,VIP,RFAF0ISZHRKDV,2.0,Returned,not as durable as before within first month. wheels broke after few trips. Going for a different brand next time.,User_49147,Reviewed in India on 22 May 2025,True,1,-0.4215,negative,"{""wheels"": ""negative"", ""durability"": ""positive""}"
B0X6WB68Q0,VIP,R1KO6XNQXU71S,4.0,Loved it,Got this on a deal. spacious and good for the price. Suitable for international use.,User_17963,Reviewed in India on 23 Jun 2025,True,1,0.7783,positive,"{""size_capacity"": ""positive"", ""value"": ""positive""}"
B0X6WB68Q0,VIP,R4FDD7R1930I6,3.0,Mixed,Decent product. trusted brand but unfortunately wheels broke after few trips. 3 stars.,User_23806,Reviewed in India on 24 Jul 2025,True,0,-0.6956,negative,"{""wheels"": ""negative"", ""durability"": ""negative""}"
B0X6WB68Q0,VIP,RNWBGDQEWUHRY,5.0,Loved it,Bought this last month and used for family. trusted brand. trusted brand. Worth the price.,User_30556,Reviewed in India on 7 Mar 2025,True,1,0.9001,positive,"{""value"": ""positive""}"
B0X6WB68Q0,VIP,R36MOTCG06XR3,1.0,Not worth it,Disappointed. wheels broke after few trips. Returning the product. Expected better at this price.,User_75759,Reviewed in India on 27 Aug 2025,True,0,0.2472,positive,"{""wheels"": ""negative"", ""durability"": ""negative"", ""value"": ""positive""}"
B0X6WB68Q0,VIP,RW5UESDRBTA3K,2.0,Returned,wheels broke after few trips within first month. build feels cheap now. Going for a different brand next time.,User_33949,Reviewed in India on 13 Jun 2025,True,5,-0.4215,negative,"{""wheels"": ""negative"", ""durability"": ""negative"", ""value"": ""negative""}"
B0X6WB68Q0,VIP,RSOCZDQ7JBMJM,1.0,Bad experience,Quality is not as expected. handle issues. not as durable as before. Below average product.,User_8784,Reviewed in India on 5 Apr 2025,True,2,-0.5423,negative,"{""handle"": ""negative"", ""durability"": ""positive""}"
B0X6WB68Q0,VIP,R3UV43MCO075R,2.0,Not worth it,Disappointed. handle issues. Returning the product. Expected better at this price.,User_17969,Reviewed in India on 9 Jan 2025,True,0,0.5842,positive,"{""handle"": ""negative"", ""value"": ""positive""}"
B07A2HVNYA,VIP,RIDAO13TB25IC,1.0,Not worth it,Used only for one trip and zipper problems. build feels cheap now. Not recommended.,User_8425,Reviewed in India on 5 Aug 2025,True,0,-0.607,negative,"{""zipper"": ""negative"", ""value"": ""positive""}"
B07A2HVNYA,VIP,RRECJTR0M6HZ7,5.0,Good buy,Good buy at this price. decent build. good for the price. Will buy again from this brand.,User_73273,Reviewed in India on 10 Apr 2025,True,0,0.8271,positive,"{""value"": ""positive""}"
B07A2HVNYA,VIP,R8RC64SKTE02B,1.0,Avoid,Disappointed. zipper problems. Returning the product. Expected better at this price.,User_31815,Reviewed in India on 23 Aug 2025,True,0,-0.6249,negative,"{""zipper"": ""negative"", ""value"": ""neutral""}"
B07A2HVNYA,VIP,RK8C4NANPINXT,5.0,Good buy,Very happy with this purchase. decent build and decent build. Used for a business trip and worked perfectly. Recommended.,User_87560,Reviewed in India on 10 Jan 2025,True,0,0.9168,positive,{}
B07A2HVNYA,VIP,RA0W52713T87K,5.0,Loved it,Got this on a deal. decent build and easy to handle. Suitable for domestic use.,User_71092,Reviewed in India on 15 Jul 2025,True,1,0.7783,positive,"{""handle"": ""positive""}"
B07A2HVNYA,VIP,RKYJ91KUBJJJX,4.0,Great product,Quality is good for the price. spacious. good for the price. Happy with the purchase.,User_80691,Reviewed in India on 1 Feb 2025,True,1,0.9274,positive,"{""size_capacity"": ""positive"", ""value"": ""positive""}"
B07A2HVNYA,VIP,RABMWUOUC6T8P,2.0,Returned,Looks good in pictures but build feels cheap now. Also wheels broke after few trips. Returning.,User_34817,Reviewed in India on 25 May 2025,True,0,-0.4118,negative,"{""wheels"": ""negative"", ""durability"": ""negative"", ""design"": ""positive"", ""value"": ""negative""}"
B07A2HVNYA,VIP,RGSPLTI899A44,4.0,Great product,Very happy with this purchase. good for the price and trusted brand. Used for a short trip and worked perfectly. Recommended.,User_71836,Reviewed in India on 23 Jan 2025,True,0,0.9643,positive,"{""value"": ""positive""}"
B07A2HVNYA,VIP,RN3OX5FL2MOXQ,5.0,Excellent quality,Bought this last month and used for international. good for the price. good for the price. Worth the price.,User_39543,Reviewed in India on 20 Jan 2025,True,0,0.886,positive,"{""value"": ""positive""}"
B07A2HVNYA,VIP,R3S2SUMH3B0N9,2.0,Disappointed,Disappointed. wheels broke after few trips. Returning the product. Expected better at this price.,User_11281,Reviewed in India on 3 Apr 2025,True,30,-0.7269,negative,"{""wheels"": ""negative"", ""durability"": ""negative"", ""value"": ""neutral""}"
B07A2HVNYA,VIP,RVXSLHU6L29IL,3.0,Mixed,Decent product. easy to handle but unfortunately wheels broke after few trips. 3 stars.,User_16127,Reviewed in India on 23 Apr 2025,True,12,-0.705,negative,"{""wheels"": ""negative"", ""handle"": ""positive"", ""durability"": ""negative""}"
B02I397I6Y,VIP,RGP1ZQD54AGCS,3.0,Mixed,"good for the price, however build feels cheap now. Decide based on your needs.",User_70377,Reviewed in India on 13 Jul 2025,True,0,0.4404,positive,"{""value"": ""positive""}"
B02I397I6Y,VIP,RW9B0MQOQ4KRE,5.0,Excellent quality,Bought this last month and used for business. decent build. decent build. Worth the price.,User_25045,Reviewed in India on 24 Oct 2025,False,12,0.6808,positive,"{""value"": ""positive""}"
B02I397I6Y,VIP,RG0K1IRBSSS7K,5.0,Good buy,Got this on a deal. spacious and spacious. Suitable for international use.,User_51340,Reviewed in India on 11 Mar 2025,False,0,0.4404,positive,"{""size_capacity"": ""positive""}"
B02I397I6Y,VIP,RK5LMFKRIG7JV,2.0,Bad experience,Got delivered fine but handle issues. Definitely not worth the price. Avoid.,User_14909,Reviewed in India on 8 May 2025,True,0,-0.273,negative,"{""handle"": ""negative"", ""value"": ""positive""}"
B02I397I6Y,VIP,RTHR3NK8PQEQ7,2.0,Bad experience,Disappointed. not as durable as before. Returning the product. Expected better at this price.,User_94880,Reviewed in India on 23 Feb 2025,True,0,-0.5719,negative,"{""durability"": ""positive"", ""value"": ""neutral""}"
B02I397I6Y,VIP,R0ICFMQ0YCY6B,5.0,Great product,"trusted brand. After 2 weeks of use, no issues. decent build. 4 stars.",User_14164,Reviewed in India on 23 Sep 2025,True,2,0.7184,positive,{}
B02I397I6Y,VIP,RV5HHQRGREWDS,3.0,Okay product,Mixed feelings. trusted brand but handle issues. 3 stars overall.,User_95802,Reviewed in India on 24 Apr 2025,True,0,0.3612,positive,"{""handle"": ""negative""}"
B02I397I6Y,VIP,RWWIMT8545YRW,4.0,Highly recommended,"Excellent product. trusted brand, spacious. Delivery was on time and packaging was good.",User_79360,Reviewed in India on 12 Sep 2025,True,0,0.9016,positive,"{""size_capacity"": ""positive""}"
B02I397I6Y,VIP,RXEQLEZZ1R2RO,5.0,Worth the money,"spacious. After 2 weeks of use, no issues. spacious. 4 stars.",User_31783,Reviewed in India on 1 May 2025,True,0,-0.0772,negative,"{""size_capacity"": ""positive"", ""value"": ""positive""}"
B02I397I6Y,VIP,RLOPO6J0M3LOU,1.0,Avoid,Quality is not as expected. zipper problems. zipper problems. Below average product.,User_22828,Reviewed in India on 18 Apr 2025,True,0,-0.765,negative,"{""zipper"": ""negative""}"
B02LM1CBHT,VIP,RS2BKAWYB03NO,2.0,Not worth it,Disappointed. wheels broke after few trips. Returning the product. Expected better at this price.,User_98062,Reviewed in India on 9 Feb 2025,True,1,0.2472,positive,"{""wheels"": ""negative"", ""durability"": ""negative"", ""value"": ""positive""}"
B02LM1CBHT,VIP,R7DVO342P0KQD,2.0,Bad experience,Disappointed. wheels broke after few trips. Returning the product. Expected better at this price.,User_86989,Reviewed in India on 19 Aug 2025,True,0,-0.7579,negative,"{""wheels"": ""negative"", ""durability"": ""negative"", ""value"": ""neutral""}"
B02LM1CBHT,VIP,RSN9081ZQUA1Q,5.0,Excellent quality,"spacious. After 2 weeks of use, no issues. decent build. 4 stars.",User_63495,Reviewed in India on 19 Feb 2025,True,0,0.3612,positive,"{""size_capacity"": ""positive""}"
B02LM1CBHT,VIP,R5RIFWR0UI1JL,2.0,Disappointed,Disappointed. not as durable as before. Returning the product. Expected better at this price.,User_45285,Reviewed in India on 27 Mar 2025,True,1,-0.5106,negative,"{""durability"": ""positive"", ""value"": ""neutral""}"
B02LM1CBHT,VIP,RTLXLZS49CDZN,3.0,Average,Mixed feelings. decent build but handle issues. 3 stars overall.,User_2785,Reviewed in India on 6 Sep 2025,True,0,0.0,neutral,"{""handle"": ""negative""}"
B02LM1CBHT,VIP,R2R0TOKPK7YSW,5.0,Happy with purchase,Very happy with this purchase. spacious and spacious. Used for a domestic trip and worked perfectly. Recommended.,User_49710,Reviewed in India on 19 Mar 2025,True,1,0.9286,positive,"{""size_capacity"": ""positive""}"
B02LM1CBHT,VIP,RQ77Z4ES3AOFC,5.0,Good buy,Got this on a deal. easy to handle and easy to handle. Suitable for international use.,User_1734,Reviewed in India on 10 Apr 2025,True,0,0.8271,positive,"{""handle"": ""positive""}"
B02LM1CBHT,VIP,RW5MAGK6P0N17,4.0,Highly recommended,Used it for a weekend trip. easy to handle. The good for the price part is really impressive.,User_74546,Reviewed in India on 18 Apr 2025,True,0,0.8882,positive,"{""handle"": ""positive"", ""value"": ""positive""}"
B02LM1CBHT,VIP,R2V1L1VJ35YRG,1.0,Disappointed,"After 3 months of light use, not as durable as before. Customer service was slow to respond.",User_31386,Reviewed in India on 7 Feb 2025,False,1,-0.4767,negative,"{""durability"": ""positive"", ""weight"": ""positive""}"
B02LM1CBHT,VIP,RSPXLSEUNNRLS,5.0,Worth the money,Very happy with this purchase. decent build and trusted brand. Used for a weekend trip and worked perfectly. Recommended.,User_70558,Reviewed in India on 3 Oct 2025,True,12,0.9324,positive,"{""value"": ""positive""}"
B02LM1CBHT,VIP,RPZJE6XG541MP,2.0,Bad experience,Got delivered fine but handle issues. Definitely not worth the price. Avoid.,User_81868,Reviewed in India on 18 Apr 2025,True,0,-0.273,negative,"{""handle"": ""negative"", ""value"": ""positive""}"
B0J7VBJRBZ,VIP,R6F05EP4CWCDT,5.0,Excellent quality,Bought this last month and used for weekend. trusted brand. decent build. Worth the price.,User_26451,Reviewed in India on 21 Oct 2025,True,0,0.8271,positive,"{""value"": ""positive""}"
B0J7VBJRBZ,VIP,RS7O4YC3S0DPJ,3.0,Has pros and cons,"Has its pros and cons. good for the price. On the negative side, not as durable as before.",User_27041,Reviewed in India on 23 Sep 2025,True,1,-0.2023,negative,"{""durability"": ""positive"", ""value"": ""positive""}"
B0J7VBJRBZ,VIP,REQ4D7D7GDLWA,2.0,Poor quality,"After 3 months of light use, zipper problems. Customer service was slow to respond.",User_23195,Reviewed in India on 26 Jan 2025,True,0,-0.7003,negative,"{""zipper"": ""negative"", ""weight"": ""negative""}"
B0J7VBJRBZ,VIP,R0LNKKUO4JH9J,5.0,Loved it,Good buy at this price. decent build. good for the price. Will buy again from this brand.,User_58619,Reviewed in India on 9 Feb 2025,True,1,0.8658,positive,"{""value"": ""positive""}"
B0J7VBJRBZ,VIP,RNTHZM32HZS32,5.0,Excellent quality,Used it for a weeklong trip. good for the price. The trusted brand part is really impressive.,User_12895,Reviewed in India on 17 Apr 2025,True,0,0.923,positive,"{""value"": ""positive""}"
B0J7VBJRBZ,VIP,RLUX6LDM6FRM6,4.0,Excellent quality,"Excellent product. spacious, good for the price. Delivery was on time and packaging was good.",User_25525,Reviewed in India on 12 May 2025,True,1,0.9217,positive,"{""size_capacity"": ""positive"", ""value"": ""positive""}"
B0J7VBJRBZ,VIP,RZ0RI0VROB7I7,1.0,Bad experience,Quality is not as expected. build feels cheap now. not as durable as before. Below average product.,User_67448,Reviewed in India on 4 Jul 2025,True,0,-0.5423,negative,"{""durability"": ""positive"", ""value"": ""negative""}"
B0J7VBJRBZ,VIP,R87H91EL88L12,5.0,Excellent quality,"Excellent product. easy to handle, good for the price. Delivery was on time and packaging was good.",User_61124,Reviewed in India on 13 Mar 2025,True,1,0.9442,positive,"{""handle"": ""positive"", ""value"": ""positive""}"
B0J7VBJRBZ,VIP,RHDIY4NRMQYZ6,4.0,Loved it,"trusted brand. After 2 weeks of use, no issues. good for the price. 4 stars.",User_88613,Reviewed in India on 13 Aug 2025,True,2,0.5258,positive,"{""value"": ""positive""}"
B0J7VBJRBZ,VIP,RY5VTMY8A5GIN,4.0,Loved it,"Excellent product. spacious, decent build. Delivery was on time and packaging was good.",User_66726,Reviewed in India on 27 Jan 2025,True,2,0.8885,positive,"{""size_capacity"": ""positive""}"
B0MXPKN3B8,VIP,RNQR8O1KJWV2Q,1.0,Bad experience,"After 3 months of light use, handle issues. Customer service was slow to respond.",User_49866,Reviewed in India on 25 Aug 2025,True,2,-0.5423,negative,"{""handle"": ""negative"", ""weight"": ""negative""}"
B0MXPKN3B8,VIP,R5CA8ZJSW5PQB,1.0,Returned,Used only for one trip and build feels cheap now. not as durable as before. Not recommended.,User_65175,Reviewed in India on 15 Jun 2025,True,1,-0.1511,negative,"{""durability"": ""positive"", ""value"": ""negative""}"
B0MXPKN3B8,VIP,RKPQKBE0TOGTE,5.0,Worth the money,"trusted brand. After 2 weeks of use, no issues. easy to handle. 4 stars.",User_19958,Reviewed in India on 21 Aug 2025,True,0,0.1012,positive,"{""handle"": ""positive"", ""value"": ""positive""}"
B0MXPKN3B8,VIP,RBLBV03DS0MWK,2.0,Returned,Used only for one trip and not as durable as before. not as durable as before. Not recommended.,User_53525,Reviewed in India on 1 Mar 2025,False,0,-0.1511,negative,"{""durability"": ""positive""}"
B0MXPKN3B8,VIP,RU9WT2YBUH7JY,3.0,Okay product,Mixed feelings. spacious but wheels broke after few trips. 3 stars overall.,User_25341,Reviewed in India on 9 Sep 2025,True,1,-0.5023,negative,"{""wheels"": ""negative"", ""size_capacity"": ""positive"", ""durability"": ""negative""}"
B0MXPKN3B8,VIP,RAOEJV9LHALCK,2.0,Disappointed,"After 3 months of light use, wheels broke after few trips. Customer service was slow to respond.",User_94327,Reviewed in India on 20 Aug 2025,True,1,-0.7096,negative,"{""wheels"": ""negative"", ""durability"": ""negative"", ""weight"": ""negative""}"
B0MXPKN3B8,VIP,R3F4RTGOOXUCR,4.0,Highly recommended,Very happy with this purchase. decent build and decent build. Used for a international trip and worked perfectly. Recommended.,User_46259,Reviewed in India on 3 Apr 2025,True,1,0.9072,positive,{}
B0MXPKN3B8,VIP,RVWUO11K09NTN,5.0,Excellent quality,Used it for a domestic trip. spacious. The trusted brand part is really impressive.,User_17186,Reviewed in India on 4 Jul 2025,True,30,0.8858,positive,"{""size_capacity"": ""positive""}"
B0MXPKN3B8,VIP,R1PVLND581LTO,4.0,Highly recommended,"Excellent product. spacious, easy to handle. Delivery was on time and packaging was good.",User_53948,Reviewed in India on 16 Aug 2025,True,5,0.8973,positive,"{""handle"": ""positive"", ""size_capacity"": ""positive""}"
B0MXPKN3B8,VIP,RMQG6NX9OWWEW,5.0,Loved it,Quality is good for the price. decent build. trusted brand. Happy with the purchase.,User_11552,Reviewed in India on 20 Oct 2025,True,12,0.9274,positive,"{""value"": ""positive""}"
B0SG6Q0IQZ,VIP,R56IZC0YOSQN2,2.0,Poor quality,Quality is not as expected. wheels broke after few trips. not as durable as before. Below average product.,User_35082,Reviewed in India on 23 Sep 2025,True,2,-0.7096,negative,"{""wheels"": ""negative"", ""durability"": ""negative""}"
B0SG6Q0IQZ,VIP,RKO31NZSXPEFJ,3.0,Mixed,Mixed feelings. spacious but build feels cheap now. 3 stars overall.,User_76997,Reviewed in India on 25 Feb 2025,True,0,0.0,neutral,"{""size_capacity"": ""positive"", ""value"": ""negative""}"
B0SG6Q0IQZ,VIP,RJLYQZ11MYLQJ,3.0,Okay product,"good for the price, however build feels cheap now. Decide based on your needs.",User_37083,Reviewed in India on 20 Jan 2025,True,0,0.5859,positive,"{""value"": ""positive""}"
B0SG6Q0IQZ,VIP,RLZUKZYF2EV4J,4.0,Highly recommended,Got this on a deal. easy to handle and decent build. Suitable for short use.,User_30873,Reviewed in India on 1 Apr 2025,True,0,0.6115,positive,"{""handle"": ""positive""}"
B0SG6Q0IQZ,VIP,RXVSSN7X5RRNY,4.0,Highly recommended,Quality is good for the price. spacious. easy to handle. Happy with the purchase.,User_9487,Reviewed in India on 11 Apr 2025,True,0,0.8908,positive,"{""handle"": ""positive"", ""size_capacity"": ""positive"", ""value"": ""positive""}"
B0SG6Q0IQZ,VIP,RUWA03260NBW8,5.0,Good buy,Bought this last month and used for family. good for the price. decent build. Worth the price.,User_67508,Reviewed in India on 3 May 2025,True,1,0.7717,positive,"{""value"": ""positive""}"
B0SG6Q0IQZ,VIP,RSI2G74IZG9JJ,2.0,Bad experience,wheels broke after few trips within first month. build feels cheap now. Going for a different brand next time.,User_98400,Reviewed in India on 7 Feb 2025,False,0,-0.743,negative,"{""wheels"": ""negative"", ""durability"": ""negative"", ""value"": ""negative""}"
B0SG6Q0IQZ,VIP,RD5B2CRPRDVVK,4.0,Good buy,Good buy at this price. easy to handle. easy to handle. Will buy again from this brand.,User_2258,Reviewed in India on 19 Jul 2025,False,0,0.891,positive,"{""handle"": ""positive"", ""value"": ""positive""}"
B0RGSS8K5I,VIP,RPWTG21HSLTDK,4.0,Loved it,Bought this last month and used for weekend. spacious. decent build. Worth the price.,User_80891,Reviewed in India on 7 Oct 2025,True,0,0.7003,positive,"{""size_capacity"": ""positive"", ""value"": ""positive""}"
B0RGSS8K5I,VIP,RLSRVP0IJ74NL,4.0,Worth the money,"Excellent product. good for the price, easy to handle. Delivery was on time and packaging was good.",User_96251,Reviewed in India on 12 Jun 2025,True,0,0.9231,positive,"{""handle"": ""positive"", ""value"": ""positive""}"
B0RGSS8K5I,VIP,R291AZHZKNL2L,5.0,Happy with purchase,Quality is good for the price. trusted brand. spacious. Happy with the purchase.,User_74396,Reviewed in India on 24 Apr 2025,True,1,0.9246,positive,"{""size_capacity"": ""positive"", ""value"": ""positive""}"
B0RGSS8K5I,VIP,RRZQ8BXY6RKVN,4.0,Happy with purchase,Bought this last month and used for international. good for the price. good for the price. Worth the price.,User_14295,Reviewed in India on 2 Jun 2025,True,0,0.886,positive,"{""value"": ""positive""}"
B0RGSS8K5I,VIP,ROFFKHDIU1JTK,1.0,Avoid,Used only for one trip and wheels broke after few trips. zipper problems. Not recommended.,User_3864,Reviewed in India on 5 Feb 2025,False,1,-0.807,negative,"{""wheels"": ""negative"", ""zipper"": ""negative"", ""durability"": ""negative""}"
B0RGSS8K5I,VIP,RLINH8JV7FXP3,2.0,Disappointed,"After 3 months of light use, build feels cheap now. Customer service was slow to respond.",User_7295,Reviewed in India on 27 Sep 2025,True,30,-0.4767,negative,"{""weight"": ""negative"", ""value"": ""negative""}"
B0RGSS8K5I,VIP,RRUW0U92T24D7,5.0,Excellent quality,Very happy with this purchase. easy to handle and decent build. Used for a weeklong trip and worked perfectly. Recommended.,User_80958,Reviewed in India on 21 Apr 2025,True,2,0.9485,positive,"{""handle"": ""positive""}"
B0RGSS8K5I,VIP,RXMSY3PAUA3AI,4.0,Worth the money,Used it for a weekend trip. good for the price. The decent build part is really impressive.,User_56987,Reviewed in India on 5 May 2025,False,1,0.8122,positive,"{""value"": ""positive""}"
B0RGSS8K5I,VIP,R6ZUGFLDT8BEM,1.0,Poor quality,Got delivered fine but handle issues. Definitely not worth the price. Avoid.,User_10078,Reviewed in India on 11 Jun 2025,False,1,-0.2261,negative,"{""handle"": ""negative"", ""value"": ""positive""}"
B0RGSS8K5I,VIP,RA57E8A54HBPH,4.0,Highly recommended,"good for the price. After 2 weeks of use, no issues. good for the price. 4 stars.",User_50873,Reviewed in India on 19 Feb 2025,True,0,0.1693,positive,"{""value"": ""positive""}"
B0RGSS8K5I,VIP,R70M9OHDSRS8A,2.0,Not worth it,Disappointed. handle issues. Returning the product. Expected better at this price.,User_50811,Reviewed in India on 26 Jul 2025,True,5,0.5842,positive,"{""handle"": ""negative"", ""value"": ""positive""}"
B0XOQ8JXLF,VIP,RPGSF3YN72BHO,3.0,Okay product,"Has its pros and cons. easy to handle. On the negative side, build feels cheap now.",User_49913,Reviewed in India on 27 May 2025,True,0,0.0258,neutral,"{""handle"": ""positive"", ""value"": ""negative""}"
B0XOQ8JXLF,VIP,RT10GDMIPC8QO,4.0,Great product,Used it for a family trip. trusted brand. The good for the price part is really impressive.,User_71349,Reviewed in India on 15 Mar 2025,False,2,0.9286,positive,"{""value"": ""positive""}"
B0XOQ8JXLF,VIP,RNWZR04HHE7IC,5.0,Excellent quality,"good for the price. After 2 weeks of use, no issues. decent build. 4 stars.",User_13424,Reviewed in India on 23 Jul 2025,True,1,0.6597,positive,"{""value"": ""positive""}"
B0XOQ8JXLF,VIP,RSU51EPXU7B6N,4.0,Excellent quality,"decent build. After 2 weeks of use, no issues. spacious. 4 stars.",User_7293,Reviewed in India on 26 Apr 2025,False,0,0.3612,positive,"{""size_capacity"": ""positive""}"
B0XOQ8JXLF,VIP,RAR4G58O9QJP0,3.0,Has pros and cons,"good for the price, however build feels cheap now. Decide based on your needs.",User_86912,Reviewed in India on 25 Sep 2025,False,0,0.4404,positive,"{""value"": ""positive""}"
B0XOQ8JXLF,VIP,RXYMSCNX8EIQE,1.0,Returned,build feels cheap now within first month. not as durable as before. Going for a different brand next time.,User_73150,Reviewed in India on 23 May 2025,True,0,0.0,neutral,"{""durability"": ""positive"", ""value"": ""negative""}"
B0XOQ8JXLF,VIP,R79H4HA0MVF4S,5.0,Loved it,Bought this last month and used for family. easy to handle. good for the price. Worth the price.,User_70881,Reviewed in India on 12 Sep 2025,True,12,0.891,positive,"{""handle"": ""positive"", ""value"": ""positive""}"
B0XOQ8JXLF,VIP,R7ZT8PHB8OOSP,4.0,Loved it,Bought this last month and used for domestic. good for the price. easy to handle. Worth the price.,User_63461,Reviewed in India on 15 Jun 2025,True,12,0.891,positive,"{""handle"": ""positive"", ""value"": ""positive""}"
B0XOQ8JXLF,VIP,RCOF3138I2XOG,4.0,Great product,"good for the price. After 2 weeks of use, no issues. easy to handle. 4 stars.",User_46928,Reviewed in India on 3 Apr 2025,False,0,0.5258,positive,"{""handle"": ""positive"", ""value"": ""positive""}"
B0XOQ8JXLF,VIP,RPY1AELDWQXKE,1.0,Disappointed,Got delivered fine but not as durable as before. Definitely not worth the price. Avoid.,User_98374,Reviewed in India on 20 Aug 2025,True,5,-0.2261,negative,"{""durability"": ""positive"", ""value"": ""positive""}"
B0XOQ8JXLF,VIP,REQV5Y21ID9VV,2.0,Poor quality,"After 3 months of light use, wheels broke after few trips. Customer service was slow to respond.",User_48520,Reviewed in India on 8 Aug 2025,True,12,-0.7096,negative,"{""wheels"": ""negative"", ""durability"": ""negative"", ""weight"": ""negative""}"
B0XOQ8JXLF,VIP,RLYJMAZRVHPJ9,5.0,Excellent quality,"decent build. After 2 weeks of use, no issues. decent build. 4 stars.",User_93868,Reviewed in India on 16 Sep 2025,True,1,0.3612,positive,{}
B0MY6PO0M2,Aristocrat,RBQ6MYM8J2LZW,4.0,Loved it,Got this on a deal. very affordable and lightweight. Suitable for family use.,User_22049,Reviewed in India on 7 Sep 2025,True,1,0.5994,positive,"{""weight"": ""positive"", ""value"": ""positive""}"
B0MY6PO0M2,Aristocrat,RMW04I3DZXLRG,5.0,Great product,Got this on a deal. decent for short trips and good first-time buyer option. Suitable for weeklong use.,User_51160,Reviewed in India on 7 May 2025,False,0,0.7906,positive,{}
B0MY6PO0M2,Aristocrat,REU6ZU1TOZHDV,5.0,Great product,Got this on a deal. decent for short trips and decent for short trips. Suitable for international use.,User_87925,Reviewed in India on 13 May 2025,True,0,0.6249,positive,{}
B0MY6PO0M2,Aristocrat,R8LI3IF9AIZH5,4.0,Excellent quality,Quality is good for the price. very affordable. lightweight. Happy with the purchase.,User_58718,Reviewed in India on 21 Apr 2025,True,0,0.8901,positive,"{""weight"": ""positive"", ""value"": ""positive""}"
B0MY6PO0M2,Aristocrat,RTUO4UW590Z92,2.0,Bad experience,Looks good in pictures but fabric ripped. Also fabric ripped. Returning.,User_35544,Reviewed in India on 14 Jun 2025,True,5,-0.0772,negative,"{""material"": ""negative"", ""durability"": ""negative"", ""design"": ""positive""}"
B0MY6PO0M2,Aristocrat,R9ITE92SRL3VZ,5.0,Loved it,Bought this last month and used for weeklong. decent for short trips. lightweight. Worth the price.,User_95052,Reviewed in India on 23 Sep 2025,True,0,0.7003,positive,"{""weight"": ""positive"", ""value"": ""positive""}"
B0MY6PO0M2,Aristocrat,RP8GUUCM5FYCZ,5.0,Excellent quality,Used it for a family trip. spacious enough. The good first-time buyer option part is really impressive.,User_75678,Reviewed in India on 9 Jan 2025,True,0,0.8805,positive,"{""size_capacity"": ""positive""}"
B0SO19V58B,Aristocrat,R70LDOZY2NR4G,2.0,Avoid,zipper failed within first month. wheels broke quickly. Going for a different brand next time.,User_41789,Reviewed in India on 12 Mar 2025,True,5,-0.8074,negative,"{""wheels"": ""negative"", ""zipper"": ""negative"", ""durability"": ""negative""}"
B0SO19V58B,Aristocrat,RWM1SAV9CNG8T,4.0,Happy with purchase,Quality is good for the price. decent for short trips. decent for short trips. Happy with the purchase.,User_1610,Reviewed in India on 11 Jul 2025,True,2,0.8834,positive,"{""value"": ""positive""}"
B0SO19V58B,Aristocrat,RWRT9DYFNGP41,3.0,Okay product,"Has its pros and cons. very affordable. On the negative side, zipper failed.",User_67496,Reviewed in India on 5 Aug 2025,True,0,-0.7269,negative,"{""zipper"": ""negative"", ""value"": ""neutral""}"
B0SO19V58B,Aristocrat,RYVGDGFWMQX32,5.0,Highly recommended,Bought this last month and used for weekend. lightweight. lightweight. Worth the price.,User_16254,Reviewed in India on 22 Sep 2025,True,0,0.4576,positive,"{""weight"": ""positive"", ""value"": ""positive""}"
B0SO19V58B,Aristocrat,RC9R4X1V4DX6U,5.0,Highly recommended,Used it for a weekend trip. decent for short trips. The good first-time buyer option part is really impressive.,User_93039,Reviewed in India on 18 Sep 2025,True,1,0.8218,positive,{}
B0SO19V58B,Aristocrat,RONRRLRNR2KYB,4.0,Good buy,Used it for a short trip. decent for short trips. The lightweight part is really impressive.,User_6456,Reviewed in India on 7 Feb 2025,True,1,0.7574,positive,"{""weight"": ""positive""}"
B0SO19V58B,Aristocrat,RTBKG8B350SGN,1.0,Not worth it,Got delivered fine but handle came off. Definitely not worth the price. Avoid.,User_92643,Reviewed in India on 2 Apr 2025,True,12,-0.0469,neutral,"{""handle"": ""neutral"", ""value"": ""positive""}"
B0SO19V58B,Aristocrat,RHXA7HY7AI339,2.0,Returned,Disappointed. rough finish. Returning the product. Expected better at this price.,User_52107,Reviewed in India on 27 Apr 2025,True,2,-0.0516,negative,"{""value"": ""neutral""}"
B0SO19V58B,Aristocrat,RU5WH50JYOOK6,4.0,Happy with purchase,Good buy at this price. spacious enough. lightweight. Will buy again from this brand.,User_64991,Reviewed in India on 9 Oct 2025,True,1,0.765,positive,"{""size_capacity"": ""positive"", ""weight"": ""positive"", ""value"": ""positive""}"
B0SO19V58B,Aristocrat,RE6RGL7JY7OTK,5.0,Great product,"Excellent product. decent for short trips, very affordable. Delivery was on time and packaging was good.",User_75725,Reviewed in India on 9 Feb 2025,True,0,0.8934,positive,"{""value"": ""neutral""}"
B0SO19V58B,Aristocrat,RE9QDI3G13IWP,1.0,Disappointed,Disappointed. not durable for international travel. Returning the product. Expected better at this price.,User_19711,Reviewed in India on 15 Oct 2025,True,1,-0.5106,negative,"{""durability"": ""positive"", ""value"": ""neutral""}"
B087MHXOFK,Aristocrat,ROTWG7NFDINU3,4.0,Great product,Got this on a deal. very affordable and very affordable. Suitable for short use.,User_75311,Reviewed in India on 4 Apr 2025,True,0,0.6249,positive,"{""value"": ""neutral""}"
B087MHXOFK,Aristocrat,RWQ0YWM9Q7FTM,4.0,Happy with purchase,Used it for a international trip. spacious enough. The good first-time buyer option part is really impressive.,User_19927,Reviewed in India on 10 Mar 2025,False,0,0.8805,positive,"{""size_capacity"": ""positive""}"
B087MHXOFK,Aristocrat,RQZTIO4M7PP0P,4.0,Great product,Very happy with this purchase. good first-time buyer option and lightweight. Used for a domestic trip and worked perfectly. Recommended.,User_51913,Reviewed in India on 15 Jun 2025,True,1,0.9516,positive,"{""weight"": ""positive""}"
B087MHXOFK,Aristocrat,R802NQ52NLOQT,5.0,Worth the money,Good buy at this price. decent for short trips. decent for short trips. Will buy again from this brand.,User_60286,Reviewed in India on 10 Oct 2025,True,0,0.5859,positive,"{""value"": ""positive""}"
B087MHXOFK,Aristocrat,RAHUG9Y1XU2FL,5.0,Good buy,Quality is good for the price. spacious enough. good first-time buyer option. Happy with the purchase.,User_33204,Reviewed in India on 28 Mar 2025,True,0,0.9081,positive,"{""size_capacity"": ""positive"", ""value"": ""positive""}"
B087MHXOFK,Aristocrat,RA75LD7M08LCW,3.0,Mixed,Mixed feelings. very affordable but wheels broke quickly. 3 stars overall.,User_42353,Reviewed in India on 19 Aug 2025,True,2,-0.5719,negative,"{""wheels"": ""negative"", ""durability"": ""negative"", ""value"": ""negative""}"
B087MHXOFK,Aristocrat,RTWFTQ9Y69XFQ,4.0,Great product,"Excellent product. decent for short trips, decent for short trips. Delivery was on time and packaging was good.",User_6161,Reviewed in India on 5 Jul 2025,True,0,0.8934,positive,{}
B087MHXOFK,Aristocrat,RUQARYMMDNGWY,2.0,Bad experience,handle came off within first month. fabric ripped. Going for a different brand next time.,User_20593,Reviewed in India on 4 Apr 2025,False,0,-0.5423,negative,"{""handle"": ""neutral"", ""material"": ""negative"", ""durability"": ""negative""}"
B087MHXOFK,Aristocrat,RA6PG4GKS6R6B,2.0,Returned,Disappointed. handle came off. Returning the product. Expected better at this price.,User_32300,Reviewed in India on 23 May 2025,True,30,-0.0516,negative,"{""handle"": ""neutral"", ""value"": ""neutral""}"
B087MHXOFK,Aristocrat,RE9W0AN6NBYZM,4.0,Great product,Used it for a business trip. very affordable. The lightweight part is really impressive.,User_68185,Reviewed in India on 28 Jul 2025,True,0,0.8268,positive,"{""weight"": ""positive"", ""value"": ""neutral""}"
B087MHXOFK,Aristocrat,RJ67DXLSE33DC,2.0,Poor quality,Quality is not as expected. zipper failed. fabric ripped. Below average product.,User_49940,Reviewed in India on 3 Mar 2025,True,0,-0.7506,negative,"{""zipper"": ""negative"", ""material"": ""negative"", ""durability"": ""negative""}"
B088WLXWCE,Aristocrat,RVGKY5CGAGHFT,4.0,Good buy,Good buy at this price. good first-time buyer option. decent for short trips. Will buy again from this brand.,User_25817,Reviewed in India on 23 Feb 2025,True,0,0.8271,positive,"{""value"": ""positive""}"
B088WLXWCE,Aristocrat,RVVSKP30TX8J1,4.0,Loved it,Good buy at this price. decent for short trips. good first-time buyer option. Will buy again from this brand.,User_9474,Reviewed in India on 2 Feb 2025,True,5,0.8658,positive,"{""value"": ""positive""}"
B088WLXWCE,Aristocrat,RYL16ZV8U0LM3,5.0,Happy with purchase,Quality is good for the price. very affordable. good first-time buyer option. Happy with the purchase.,User_49554,Reviewed in India on 16 May 2025,True,0,0.9257,positive,"{""value"": ""positive""}"
B088WLXWCE,Aristocrat,RMQQ749Q6QF1P,1.0,Avoid,Quality is not as expected. zipper failed. wheels broke quickly. Below average product.,User_4208,Reviewed in India on 28 Mar 2025,True,0,-0.8074,negative,"{""wheels"": ""negative"", ""zipper"": ""negative"", ""durability"": ""negative""}"
B088WLXWCE,Aristocrat,R6F8HARJHRF34,1.0,Avoid,"After 3 months of light use, wheels broke quickly. Customer service was slow to respond.",User_37394,Reviewed in India on 8 Apr 2025,True,2,-0.6124,negative,"{""wheels"": ""negative"", ""durability"": ""negative"", ""weight"": ""negative""}"
B088WLXWCE,Aristocrat,RCLRKI72OALFW,5.0,Great product,"Excellent product. good first-time buyer option, very affordable. Delivery was on time and packaging was good.",User_90660,Reviewed in India on 20 Jul 2025,True,1,0.9274,positive,"{""value"": ""positive""}"
B088WLXWCE,Aristocrat,RCQPHLI5L692T,4.0,Good buy,Got this on a deal. decent for short trips and lightweight. Suitable for business use.,User_76657,Reviewed in India on 26 Jun 2025,True,5,0.4404,positive,"{""weight"": ""positive""}"
B088WLXWCE,Aristocrat,RV3IU6L5NFLTQ,2.0,Bad experience,Quality is not as expected. zipper failed. rough finish. Below average product.,User_96397,Reviewed in India on 9 Feb 2025,True,2,-0.7783,negative,"{""zipper"": ""negative""}"
B088WLXWCE,Aristocrat,RIWL3RFJL9VT3,1.0,Returned,Used only for one trip and handle came off. wheels broke quickly. Not recommended.,User_85651,Reviewed in India on 7 Oct 2025,True,0,-0.5255,negative,"{""wheels"": ""negative"", ""handle"": ""neutral"", ""durability"": ""negative""}"
B088WLXWCE,Aristocrat,R3AJFAX1CQ6FW,5.0,Happy with purchase,"decent for short trips. After 2 weeks of use, no issues. good first-time buyer option. 4 stars.",User_73779,Reviewed in India on 6 Oct 2025,True,0,0.0243,neutral,{}
B088WLXWCE,Aristocrat,RKVLABLRF3NAP,1.0,Returned,Used only for one trip and rough finish. not durable for international travel. Not recommended.,User_43452,Reviewed in India on 13 Mar 2025,True,2,-0.1511,negative,"{""durability"": ""positive""}"
B088WLXWCE,Aristocrat,RZR7FDFZDMMCM,4.0,Happy with purchase,Very happy with this purchase. spacious enough and very affordable. Used for a short trip and worked perfectly. Recommended.,User_10119,Reviewed in India on 16 Jul 2025,True,1,0.9286,positive,"{""size_capacity"": ""positive"", ""value"": ""positive""}"
B0ICYAXZRB,Aristocrat,RTBVHUAZUN6FH,1.0,Returned,Got delivered fine but rough finish. Definitely not worth the price. Avoid.,User_71284,Reviewed in India on 1 Oct 2025,True,1,0.039,neutral,"{""value"": ""positive""}"
B0ICYAXZRB,Aristocrat,RLJEKBVXSOGB2,4.0,Worth the money,Good buy at this price. spacious enough. lightweight. Will buy again from this brand.,User_98362,Reviewed in India on 28 Apr 2025,True,1,0.5859,positive,"{""size_capacity"": ""positive"", ""weight"": ""positive"", ""value"": ""positive""}"
B0ICYAXZRB,Aristocrat,RMBWU5JSLHGMR,2.0,Poor quality,Got delivered fine but zipper failed. Definitely not worth the price. Avoid.,User_95364,Reviewed in India on 13 Jun 2025,True,0,-0.7468,negative,"{""zipper"": ""negative"", ""value"": ""positive""}"
B0ICYAXZRB,Aristocrat,R2Y7CDABBAJAQ,2.0,Poor quality,Looks good in pictures but not durable for international travel. Also not durable for international travel. Returning.,User_96518,Reviewed in India on 19 Mar 2025,True,0,-0.0258,neutral,"{""durability"": ""positive"", ""design"": ""positive""}"
B0ICYAXZRB,Aristocrat,RPA16KJ752H70,3.0,Has pros and cons,Decent product. lightweight but unfortunately wheels broke quickly. 3 stars.,User_90368,Reviewed in India on 26 Jan 2025,False,12,-0.7783,negative,"{""wheels"": ""negative"", ""durability"": ""negative"", ""weight"": ""positive""}"
B0ICYAXZRB,Aristocrat,RJAUCYHONBPQG,4.0,Excellent quality,Good buy at this price. good first-time buyer option. spacious enough. Will buy again from this brand.,User_2739,Reviewed in India on 19 Jan 2025,True,12,0.8591,positive,"{""size_capacity"": ""positive"", ""value"": ""positive""}"
B0ICYAXZRB,Aristocrat,RAJ5IQAX54P8R,2.0,Poor quality,Got delivered fine but fabric ripped. Definitely not worth the price. Avoid.,User_31345,Reviewed in India on 23 Jan 2025,True,0,-0.2261,negative,"{""material"": ""negative"", ""durability"": ""negative"", ""value"": ""positive""}"
B0ICYAXZRB,Aristocrat,RTLXOUN91FY6Y,5.0,Excellent quality,"Excellent product. lightweight, lightweight. Delivery was on time and packaging was good.",User_54454,Reviewed in India on 12 Jul 2025,True,0,0.8834,positive,"{""weight"": ""positive""}"
B0ICYAXZRB,Aristocrat,RFBS4WVT3F2F3,5.0,Happy with purchase,Used it for a weeklong trip. good first-time buyer option. The spacious enough part is really impressive.,User_27976,Reviewed in India on 27 Jul 2025,True,0,0.8805,positive,"{""size_capacity"": ""positive""}"
B0ICYAXZRB,Aristocrat,RJT70Y2RL4N7S,5.0,Great product,Very happy with this purchase. spacious enough and very affordable. Used for a business trip and worked perfectly. Recommended.,User_52485,Reviewed in India on 8 Oct 2025,True,0,0.9336,positive,"{""size_capacity"": ""positive"", ""value"": ""positive""}"
B0ICYAXZRB,Aristocrat,R46GA2SDFC8IO,1.0,Disappointed,Got delivered fine but rough finish. Definitely not worth the price. Avoid.,User_28426,Reviewed in India on 18 Feb 2025,False,0,-0.2261,negative,"{""value"": ""positive""}"
B0PMOZKNHP,Aristocrat,R8Y9N81DJDI3W,5.0,Highly recommended,Bought this last month and used for business. good first-time buyer option. spacious enough. Worth the price.,User_13321,Reviewed in India on 15 Jul 2025,True,0,0.7089,positive,"{""size_capacity"": ""positive"", ""value"": ""positive""}"
B0PMOZKNHP,Aristocrat,RHOAE527PSQZN,1.0,Returned,"After 3 months of light use, not durable for international travel. Customer service was slow to respond.",User_71210,Reviewed in India on 21 Jan 2025,True,0,0.0,neutral,"{""durability"": ""positive"", ""weight"": ""positive""}"
B0PMOZKNHP,Aristocrat,RVPY8CRIN0XGN,4.0,Highly recommended,Used it for a weekend trip. lightweight. The decent for short trips part is really impressive.,User_40620,Reviewed in India on 6 Apr 2025,True,1,0.6894,positive,"{""weight"": ""positive""}"
B0PMOZKNHP,Aristocrat,RFE9VAR2PZ6NT,1.0,Not worth it,Looks good in pictures but rough finish. Also wheels broke quickly. Returning.,User_55869,Reviewed in India on 16 Jan 2025,True,1,-0.4737,negative,"{""wheels"": ""negative"", ""durability"": ""negative"", ""design"": ""positive"", ""value"": ""positive""}"
B0PMOZKNHP,Aristocrat,R765EFUXQ9NJC,4.0,Excellent quality,"lightweight. After 2 weeks of use, no issues. good first-time buyer option. 4 stars.",User_87017,Reviewed in India on 6 Oct 2025,True,1,0.0243,neutral,"{""weight"": ""positive""}"
B0PMOZKNHP,Aristocrat,RSASJTK3LIRHX,4.0,Great product,"Excellent product. good first-time buyer option, very affordable. Delivery was on time and packaging was good.",User_63688,Reviewed in India on 16 Apr 2025,True,0,0.9274,positive,"{""value"": ""positive""}"
B0PMOZKNHP,Aristocrat,R4F1R9CFWOW73,3.0,Okay product,Mixed feelings. decent for short trips but rough finish. 3 stars overall.,User_54266,Reviewed in India on 2 Jul 2025,True,0,0.1154,positive,{}
B0PMOZKNHP,Aristocrat,R50EW25X1FVK1,4.0,Loved it,Got this on a deal. good first-time buyer option and good first-time buyer option. Suitable for business use.,User_57720,Reviewed in India on 20 Jan 2025,True,1,0.8658,positive,{}
B0PMOZKNHP,Aristocrat,RJKX9M4V74QR1,2.0,Poor quality,rough finish within first month. wheels broke quickly. Going for a different brand next time.,User_91236,Reviewed in India on 19 Sep 2025,False,1,-0.7096,negative,"{""wheels"": ""negative"", ""durability"": ""negative""}"
B0PMOZKNHP,Aristocrat,RRMSWJJJKSL66,2.0,Avoid,Looks good in pictures but handle came off. Also wheels broke quickly. Returning.,User_75188,Reviewed in India on 7 Jun 2025,False,0,-0.5187,negative,"{""wheels"": ""negative"", ""handle"": ""positive"", ""durability"": ""negative"", ""design"": ""positive""}"
B0PMOZKNHP,Aristocrat,RX16F1KYNTL2U,5.0,Happy with purchase,"lightweight. After 2 weeks of use, no issues. spacious enough. 4 stars.",User_23729,Reviewed in India on 4 May 2025,True,0,0.3612,positive,"{""size_capacity"": ""positive"", ""weight"": ""positive""}"
B0PMOZKNHP,Aristocrat,RIRJUTFVJ839A,2.0,Poor quality,Used only for one trip and rough finish. fabric ripped. Not recommended.,User_25763,Reviewed in India on 26 May 2025,False,0,-0.5707,negative,"{""material"": ""negative"", ""durability"": ""negative""}"
B0VRNEGN2B,Aristocrat,RKIHV17MIAV1G,3.0,Has pros and cons,Mixed feelings. very affordable but handle came off. 3 stars overall.,User_51236,Reviewed in India on 7 Sep 2025,True,12,0.0,neutral,"{""handle"": ""neutral"", ""value"": ""neutral""}"
B0VRNEGN2B,Aristocrat,R4HQFGHDILUVN,5.0,Worth the money,"good first-time buyer option. After 2 weeks of use, no issues. very affordable. 4 stars.",User_28969,Reviewed in India on 8 Feb 2025,True,0,0.3818,positive,"{""value"": ""positive""}"
B0VRNEGN2B,Aristocrat,R1HYP5MASNPHF,4.0,Excellent quality,Quality is good for the price. spacious enough. good first-time buyer option. Happy with the purchase.,User_11139,Reviewed in India on 20 Jul 2025,True,0,0.9217,positive,"{""size_capacity"": ""positive"", ""value"": ""positive""}"
B0VRNEGN2B,Aristocrat,RVQA7IZQ2NMNR,4.0,Good buy,"decent for short trips. After 2 weeks of use, no issues. lightweight. 4 stars.",User_95919,Reviewed in India on 15 Jul 2025,True,0,0.1779,positive,"{""weight"": ""positive""}"
B0VRNEGN2B,Aristocrat,R4XV349N1D6DZ,4.0,Worth the money,"good first-time buyer option. After 2 weeks of use, no issues. decent for short trips. 4 stars.",User_7562,Reviewed in India on 9 Feb 2025,True,0,0.3818,positive,"{""value"": ""positive""}"
B0VRNEGN2B,Aristocrat,RLSIDBX287GT7,4.0,Good buy,Quality is good for the price. lightweight. decent for short trips. Happy with the purchase.,User_23010,Reviewed in India on 8 Jan 2025,True,0,0.8591,positive,"{""weight"": ""positive"", ""value"": ""positive""}"
B0VRNEGN2B,Aristocrat,REQ10F7IA41SA,1.0,Bad experience,Disappointed. handle came off. Returning the product. Expected better at this price.,User_67127,Reviewed in India on 2 Jul 2025,True,0,-0.5719,negative,"{""handle"": ""neutral"", ""value"": ""neutral""}"
B0VRNEGN2B,Aristocrat,RQZZFVB9EKTR1,4.0,Worth the money,Got this on a deal. spacious enough and lightweight. Suitable for family use.,User_73130,Reviewed in India on 18 Jul 2025,False,0,0.2263,positive,"{""size_capacity"": ""positive"", ""weight"": ""positive"", ""value"": ""positive""}"
B0VRNEGN2B,Aristocrat,R1SOSR2HVNKVO,3.0,Average,"Has its pros and cons. spacious enough. On the negative side, not durable for international travel.",User_50275,Reviewed in India on 10 Jun 2025,True,0,-0.5719,negative,"{""size_capacity"": ""positive"", ""durability"": ""positive""}"
B0VRNEGN2B,Aristocrat,R520XKIAIPRQQ,1.0,Returned,rough finish within first month. zipper failed. Going for a different brand next time.,User_27829,Reviewed in India on 15 Mar 2025,True,0,-0.5106,negative,"{""zipper"": ""negative""}"
B0VRNEGN2B,Aristocrat,RM655CK3TB94C,2.0,Not worth it,Disappointed. handle came off. Returning the product. Expected better at this price.,User_44444,Reviewed in India on 7 May 2025,False,0,0.5842,positive,"{""handle"": ""neutral"", ""value"": ""positive""}"
B0VRNEGN2B,Aristocrat,RAHSAO2QWKBSE,1.0,Not worth it,Got delivered fine but not durable for international travel. Definitely not worth the price. Avoid.,User_58461,Reviewed in India on 25 Aug 2025,True,1,-0.0469,neutral,"{""durability"": ""positive"", ""value"": ""positive""}"
B06DNOBK8H,Aristocrat,R7RCQ6W948JU6,4.0,Worth the money,Used it for a family trip. very affordable. The decent for short trips part is really impressive.,User_98270,Reviewed in India on 11 Jun 2025,True,1,0.6697,positive,"{""value"": ""positive""}"
B06DNOBK8H,Aristocrat,RIARLSR0O8K5D,2.0,Disappointed,Got delivered fine but handle came off. Definitely not worth the price. Avoid.,User_20394,Reviewed in India on 18 Apr 2025,True,0,-0.2261,negative,"{""handle"": ""neutral"", ""value"": ""positive""}"
B06DNOBK8H,Aristocrat,RSOOUKIW8X17C,1.0,Bad experience,Used only for one trip and wheels broke quickly. rough finish. Not recommended.,User_54205,Reviewed in India on 27 Jul 2025,True,0,-0.784,negative,"{""wheels"": ""negative"", ""durability"": ""negative""}"
B06DNOBK8H,Aristocrat,R7OHPII2MVV4D,5.0,Good buy,Bought this last month and used for family. lightweight. decent for short trips. Worth the price.,User_11788,Reviewed in India on 26 Jan 2025,True,0,0.5859,positive,"{""weight"": ""positive"", ""value"": ""positive""}"
B06DNOBK8H,Aristocrat,R9AGE9NY3MUB6,2.0,Disappointed,rough finish within first month. rough finish. Going for a different brand next time.,User_44272,Reviewed in India on 4 Jan 2025,False,0,-0.4767,negative,{}
B06DNOBK8H,Aristocrat,RDVWS3KCVJXZD,4.0,Good buy,Good buy at this price. decent for short trips. good first-time buyer option. Will buy again from this brand.,User_80493,Reviewed in India on 8 May 2025,True,5,0.8271,positive,"{""value"": ""positive""}"
B06DNOBK8H,Aristocrat,RLX3P724XHQZB,2.0,Bad experience,fabric ripped within first month. handle came off. Going for a different brand next time.,User_8700,Reviewed in India on 19 Feb 2025,True,30,-0.5423,negative,"{""handle"": ""neutral"", ""material"": ""negative"", ""durability"": ""negative""}"
B0ZPEX7TV7,Aristocrat,R30ZX815G5FJD,5.0,Worth the money,Used it for a family trip. good first-time buyer option. The lightweight part is really impressive.,User_44850,Reviewed in India on 5 Jan 2025,False,0,0.8122,positive,"{""weight"": ""positive"", ""value"": ""positive""}"
B0ZPEX7TV7,Aristocrat,RP1WZ2NAR3SHL,3.0,Okay product,"Has its pros and cons. decent for short trips. On the negative side, rough finish.",User_87332,Reviewed in India on 28 Sep 2025,True,0,-0.4215,negative,{}
B0ZPEX7TV7,Aristocrat,RVK9QKAV8C3PQ,5.0,Happy with purchase,Good buy at this price. good first-time buyer option. very affordable. Will buy again from this brand.,User_80791,Reviewed in India on 19 Apr 2025,False,2,0.8591,positive,"{""value"": ""positive""}"
B0ZPEX7TV7,Aristocrat,RJTB8QOP82J3T,4.0,Good buy,Very happy with this purchase. decent for short trips and spacious enough. Used for a international trip and worked perfectly. Recommended.,User_55624,Reviewed in India on 1 Sep 2025,False,2,0.9168,positive,"{""size_capacity"": ""positive""}"
B0ZPEX7TV7,Aristocrat,RRUTT247O0GXA,2.0,Not worth it,not durable for international travel within first month. rough finish. Going for a different brand next time.,User_57295,Reviewed in India on 3 Jun 2025,True,12,-0.1695,negative,"{""durability"": ""positive"", ""value"": ""positive""}"
B0ZPEX7TV7,Aristocrat,RO6HFD7LTTC95,4.0,Highly recommended,"decent for short trips. After 2 weeks of use, no issues. lightweight. 4 stars.",User_1436,Reviewed in India on 8 Feb 2025,True,2,-0.0276,neutral,"{""weight"": ""positive""}"
B0ZPEX7TV7,Aristocrat,RS4TSRW2MDG3T,2.0,Not worth it,Disappointed. fabric ripped. Returning the product. Expected better at this price.,User_33804,Reviewed in India on 24 Jan 2025,False,1,0.5842,positive,"{""material"": ""negative"", ""durability"": ""negative"", ""value"": ""positive""}"
B0ZPEX7TV7,Aristocrat,RF3TR7WB42P31,2.0,Poor quality,Disappointed. zipper failed. Returning the product. Expected better at this price.,User_53751,Reviewed in India on 7 Mar 2025,True,1,-0.765,negative,"{""zipper"": ""negative"", ""value"": ""neutral""}"
B0ZPEX7TV7,Aristocrat,R72UQLN6BGUAX,2.0,Avoid,Disappointed. rough finish. Returning the product. Expected better at this price.,User_49829,Reviewed in India on 21 Jun 2025,True,2,-0.34,negative,"{""value"": ""neutral""}"
B0R90MWB4L,Aristocrat,R9NR0OAKGDESV,2.0,Not worth it,"After 3 months of light use, handle came off. Customer service was slow to respond.",User_14123,Reviewed in India on 12 Feb 2025,True,0,-0.1695,negative,"{""handle"": ""neutral"", ""weight"": ""neutral"", ""value"": ""positive""}"
B0R90MWB4L,Aristocrat,RCBL116CZ75T6,5.0,Loved it,"Excellent product. spacious enough, decent for short trips. Delivery was on time and packaging was good.",User_87232,Reviewed in India on 10 Feb 2025,False,2,0.8885,positive,"{""size_capacity"": ""positive""}"
B0R90MWB4L,Aristocrat,RBC8VDRQNTJVU,5.0,Happy with purchase,Quality is good for the price. very affordable. lightweight. Happy with the purchase.,User_33450,Reviewed in India on 3 Jun 2025,True,1,0.8901,positive,"{""weight"": ""positive"", ""value"": ""positive""}"
B0R90MWB4L,Aristocrat,R0E03YIOY5U04,3.0,Okay product,Mixed feelings. very affordable but fabric ripped. 3 stars overall.,User_65572,Reviewed in India on 18 Apr 2025,True,0,0.1154,positive,"{""material"": ""negative"", ""durability"": ""negative"", ""value"": ""negative""}"
B0R90MWB4L,Aristocrat,ROV6KI4EPXR9O,1.0,Disappointed,Quality is not as expected. handle came off. handle came off. Below average product.,User_26056,Reviewed in India on 24 May 2025,True,1,-0.4767,negative,"{""handle"": ""neutral""}"
B0R90MWB4L,Aristocrat,RB900YEH8UXZ3,2.0,Avoid,Got delivered fine but zipper failed. Definitely not worth the price. Avoid.,User_2803,Reviewed in India on 14 Feb 2025,True,0,-0.7095,negative,"{""zipper"": ""negative"", ""value"": ""positive""}"
B0R90MWB4L,Aristocrat,RXYPHWHM54XR8,5.0,Good buy,Bought this last month and used for family. lightweight. lightweight. Worth the price.,User_58337,Reviewed in India on 2 May 2025,True,0,0.5859,positive,"{""weight"": ""positive"", ""value"": ""positive""}"
B0R90MWB4L,Aristocrat,RO5FKPA2TVMXQ,5.0,Worth the money,Very happy with this purchase. good first-time buyer option and spacious enough. Used for a international trip and worked perfectly. Recommended.,User_91234,Reviewed in India on 28 May 2025,True,12,0.9299,positive,"{""size_capacity"": ""positive"", ""value"": ""positive""}"
B0R90MWB4L,Aristocrat,RXN9TXFJNJD5S,5.0,Worth the money,Used it for a weeklong trip. decent for short trips. The very affordable part is really impressive.,User_41660,Reviewed in India on 24 Jul 2025,True,1,0.6697,positive,"{""value"": ""positive""}"
B04U77W9A8,Aristocrat,RMNW6L4M1TRPU,5.0,Excellent quality,Good buy at this price. good first-time buyer option. spacious enough. Will buy again from this brand.,User_91404,Reviewed in India on 3 Feb 2025,True,0,0.8591,positive,"{""size_capacity"": ""positive"", ""value"": ""positive""}"
B04U77W9A8,Aristocrat,RD9TZHHNBAVEK,4.0,Great product,Used it for a short trip. good first-time buyer option. The spacious enough part is really impressive.,User_78152,Reviewed in India on 15 Apr 2025,True,5,0.8908,positive,"{""size_capacity"": ""positive""}"
B04U77W9A8,Aristocrat,RBYTXZA43HOLD,3.0,Okay product,Mixed feelings. lightweight but not durable for international travel. 3 stars overall.,User_77399,Reviewed in India on 8 Oct 2025,True,0,0.1154,positive,"{""durability"": ""positive"", ""weight"": ""positive""}"
B04U77W9A8,Aristocrat,RDWAJGF00HHEQ,4.0,Happy with purchase,Used it for a weekend trip. spacious enough. The decent for short trips part is really impressive.,User_87725,Reviewed in India on 15 Apr 2025,True,0,0.807,positive,"{""size_capacity"": ""positive""}"
B04U77W9A8,Aristocrat,RPY4FNGBG4PDF,2.0,Avoid,"After 3 months of light use, rough finish. Customer service was slow to respond.",User_10596,Reviewed in India on 5 Jul 2025,True,0,-0.296,negative,"{""weight"": ""neutral""}"
B04U77W9A8,Aristocrat,RT6V8VLQ3VXHQ,1.0,Avoid,Quality is not as expected. rough finish. not durable for international travel. Below average product.,User_23562,Reviewed in India on 20 Aug 2025,True,0,-0.296,negative,"{""durability"": ""positive""}"
B04U77W9A8,Aristocrat,R1QDU2EB0T4UO,5.0,Good buy,Very happy with this purchase. decent for short trips and good first-time buyer option. Used for a international trip and worked perfectly. Recommended.,User_86151,Reviewed in India on 19 Mar 2025,True,0,0.9412,positive,{}
B04U77W9A8,Aristocrat,RTCTDSDJT3BR4,2.0,Bad experience,Used only for one trip and wheels broke quickly. not durable for international travel. Not recommended.,User_19312,Reviewed in India on 26 Apr 2025,True,0,-0.784,negative,"{""wheels"": ""negative"", ""durability"": ""negative""}"
B04U77W9A8,Aristocrat,RLFJ4B121Y50D,5.0,Loved it,Quality is good for the price. spacious enough. very affordable. Happy with the purchase.,User_22616,Reviewed in India on 25 Oct 2025,True,1,0.8952,positive,"{""size_capacity"": ""positive"", ""value"": ""positive""}"
B04U77W9A8,Aristocrat,RW8AFMNE6X1JD,5.0,Loved it,Used it for a weekend trip. spacious enough. The lightweight part is really impressive.,User_20391,Reviewed in India on 20 Oct 2025,True,0,0.8173,positive,"{""size_capacity"": ""positive"", ""weight"": ""positive""}"
B0QBBX5NWD,Aristocrat,RBZWBHO4UW2AW,4.0,Happy with purchase,"decent for short trips. After 2 weeks of use, no issues. spacious enough. 4 stars.",User_84393,Reviewed in India on 28 Sep 2025,True,0,0.3612,positive,"{""size_capacity"": ""positive""}"
B0QBBX5NWD,Aristocrat,REUTAWJ4G8R7S,4.0,Excellent quality,Bought this last month and used for weeklong. good first-time buyer option. lightweight. Worth the price.,User_50556,Reviewed in India on 23 Apr 2025,True,0,0.8176,positive,"{""weight"": ""positive"", ""value"": ""positive""}"
B0QBBX5NWD,Aristocrat,RKGUY0OFIPZN0,4.0,Happy with purchase,Bought this last month and used for business. decent for short trips. good first-time buyer option. Worth the price.,User_70248,Reviewed in India on 14 Apr 2025,True,12,0.8176,positive,"{""value"": ""positive""}"
B0QBBX5NWD,Aristocrat,RF8NK5G2ZNTGG,5.0,Good buy,Very happy with this purchase. good first-time buyer option and lightweight. Used for a short trip and worked perfectly. Recommended.,User_96583,Reviewed in India on 1 Feb 2025,True,0,0.9412,positive,"{""weight"": ""positive""}"
B0QBBX5NWD,Aristocrat,R6AIDIZS3J0EV,2.0,Bad experience,Quality is not as expected. not durable for international travel. not durable for international travel. Below average product.,User_92382,Reviewed in India on 2 Jun 2025,True,1,-0.5423,negative,"{""durability"": ""positive""}"
B0QBBX5NWD,Aristocrat,R3GSV5E033DZQ,5.0,Loved it,Good buy at this price. decent for short trips. decent for short trips. Will buy again from this brand.,User_62138,Reviewed in India on 24 Feb 2025,True,1,0.7783,positive,"{""value"": ""positive""}"
B0QBBX5NWD,Aristocrat,RX9BOBCD11R89,5.0,Good buy,Good buy at this price. good first-time buyer option. decent for short trips. Will buy again from this brand.,User_13492,Reviewed in India on 15 Sep 2025,False,2,0.8271,positive,"{""value"": ""positive""}"
B0QBBX5NWD,Aristocrat,R39BD2EEV7INR,1.0,Disappointed,Disappointed. wheels broke quickly. Returning the product. Expected better at this price.,User_93122,Reviewed in India on 16 May 2025,True,2,-0.7269,negative,"{""wheels"": ""negative"", ""durability"": ""negative"", ""value"": ""neutral""}"
B0QBBX5NWD,Aristocrat,ROVM5CV35XUDK,3.0,Okay product,Decent product. very affordable but unfortunately not durable for international travel. 3 stars.,User_31323,Reviewed in India on 13 Sep 2025,True,2,-0.467,negative,"{""durability"": ""positive"", ""value"": ""positive""}"
B0FIJMCJB0,Aristocrat,REE2ABG9SHO5D,4.0,Great product,Quality is good for the price. very affordable. spacious enough. Happy with the purchase.,User_4574,Reviewed in India on 13 Mar 2025,True,0,0.8934,positive,"{""size_capacity"": ""positive"", ""value"": ""positive""}"
B0FIJMCJB0,Aristocrat,RM3SGUR4PU6W9,1.0,Poor quality,Used only for one trip and zipper failed. handle came off. Not recommended.,User_35574,Reviewed in India on 10 Jan 2025,True,0,-0.7901,negative,"{""handle"": ""neutral"", ""zipper"": ""negative""}"
B0FIJMCJB0,Aristocrat,RI560TOHXWEDN,3.0,Has pros and cons,Decent product. decent for short trips but unfortunately handle came off. 3 stars.,User_91584,Reviewed in India on 23 Jan 2025,True,0,-0.4767,negative,"{""handle"": ""neutral""}"
B0FIJMCJB0,Aristocrat,R7ZQJ3OVU7PW3,5.0,Worth the money,Bought this last month and used for business. lightweight. lightweight. Worth the price.,User_87084,Reviewed in India on 10 Sep 2025,True,2,0.4215,positive,"{""weight"": ""positive"", ""value"": ""positive""}"
B0FIJMCJB0,Aristocrat,RKTNN8ILDASLW,2.0,Bad experience,fabric ripped within first month. wheels broke quickly. Going for a different brand next time.,User_26487,Reviewed in India on 6 Apr 2025,True,2,-0.743,negative,"{""wheels"": ""negative"", ""material"": ""negative"", ""durability"": ""negative""}"
B0FIJMCJB0,Aristocrat,RU8BWAUFXQP6X,1.0,Returned,zipper failed within first month. fabric ripped. Going for a different brand next time.,User_23795,Reviewed in India on 24 Apr 2025,True,12,-0.5106,negative,"{""zipper"": ""negative"", ""material"": ""negative"", ""durability"": ""negative""}"
B0FIJMCJB0,Aristocrat,RVNI8E6149368,1.0,Avoid,Used only for one trip and handle came off. rough finish. Not recommended.,User_87977,Reviewed in India on 4 Mar 2025,False,1,-0.4199,negative,"{""handle"": ""neutral""}"
B0FIJMCJB0,Aristocrat,RTFXDTUMW7HU3,4.0,Highly recommended,"Excellent product. good first-time buyer option, spacious enough. Delivery was on time and packaging was good.",User_13878,Reviewed in India on 22 Mar 2025,True,2,0.8973,positive,"{""size_capacity"": ""positive""}"
B02LSWBB8R,Aristocrat,R4BCTWKKV4LQ1,4.0,Loved it,Good buy at this price. spacious enough. lightweight. Will buy again from this brand.,User_83514,Reviewed in India on 17 Apr 2025,False,12,0.7783,positive,"{""size_capacity"": ""positive"", ""weight"": ""positive"", ""value"": ""positive""}"
B02LSWBB8R,Aristocrat,RHKARPKFZQFO5,3.0,Has pros and cons,"very affordable, however rough finish. Decide based on your needs.",User_89000,Reviewed in India on 5 Oct 2025,True,0,0.0,neutral,"{""value"": ""neutral""}"
B02LSWBB8R,Aristocrat,R779U7C1A7YJ8,2.0,Returned,Looks good in pictures but rough finish. Also rough finish. Returning.,User_27009,Reviewed in India on 7 Aug 2025,True,12,0.2382,positive,"{""design"": ""positive""}"
B02LSWBB8R,Aristocrat,R6OQ7QH96YCFN,1.0,Poor quality,Got delivered fine but zipper failed. Definitely not worth the price. Avoid.,User_29687,Reviewed in India on 25 Jul 2025,True,1,-0.7468,negative,"{""zipper"": ""negative"", ""value"": ""positive""}"
B02LSWBB8R,Aristocrat,RNGQ6TLV0GUB5,1.0,Poor quality,Looks good in pictures but not durable for international travel. Also not durable for international travel. Returning.,User_39537,Reviewed in India on 17 Jan 2025,False,0,-0.0258,neutral,"{""durability"": ""positive"", ""design"": ""positive""}"
B02LSWBB8R,Aristocrat,R3OT760RS6C4X,5.0,Highly recommended,Good buy at this price. good first-time buyer option. decent for short trips. Will buy again from this brand.,User_65431,Reviewed in India on 27 Oct 2025,True,0,0.8004,positive,"{""value"": ""positive""}"
B02LSWBB8R,Aristocrat,RUM32YP15I3IE,3.0,Okay product,"Has its pros and cons. spacious enough. On the negative side, fabric ripped.",User_68541,Reviewed in India on 6 Sep 2025,True,0,-0.4215,negative,"{""material"": ""negative"", ""size_capacity"": ""positive"", ""durability"": ""negative""}"
B02LSWBB8R,Aristocrat,RVZPY9QZO7IO2,4.0,Happy with purchase,Used it for a weeklong trip. very affordable. The good first-time buyer option part is really impressive.,User_20207,Reviewed in India on 28 Jan 2025,True,0,0.8874,positive,"{""value"": ""neutral""}"
B02LSWBB8R,Aristocrat,RLF9YXAM97YOF,4.0,Highly recommended,"Excellent product. decent for short trips, decent for short trips. Delivery was on time and packaging was good.",User_10550,Reviewed in India on 17 Mar 2025,True,1,0.839,positive,{}
B02LSWBB8R,Aristocrat,RTYIWT258E742,4.0,Excellent quality,Used it for a business trip. spacious enough. The very affordable part is really impressive.,User_80320,Reviewed in India on 23 Apr 2025,True,1,0.807,positive,"{""size_capacity"": ""positive"", ""value"": ""neutral""}"
B0CDMWS81B,Nasher Miles,R8CW9RTNFW6SZ,5.0,Great product,Used it for a weeklong trip. good colors. The lightweight part is really impressive.,User_21173,Reviewed in India on 27 Mar 2025,True,1,0.8908,positive,"{""weight"": ""positive"", ""design"": ""positive""}"
B0CDMWS81B,Nasher Miles,RXY2NZ5X51O0L,5.0,Good buy,Got this on a deal. Instagram-worthy and value for money. Suitable for weekend use.,User_60852,Reviewed in India on 19 Jan 2025,True,0,0.6486,positive,"{""value"": ""neutral""}"
B0CDMWS81B,Nasher Miles,RGSQOF3WGI8Y0,5.0,Highly recommended,Got this on a deal. TSA lock works and good colors. Suitable for international use.,User_36291,Reviewed in India on 26 Jul 2025,True,0,0.6115,positive,"{""design"": ""positive"", ""lock"": ""positive""}"
B0CDMWS81B,Nasher Miles,RFCYLTM9R6MGU,1.0,Returned,Quality is not as expected. printed design scratched. interior could be better organized. Below average product.,User_53907,Reviewed in India on 19 Apr 2025,False,0,0.4404,positive,"{""size_capacity"": ""neutral"", ""design"": ""negative""}"
B0CDMWS81B,Nasher Miles,RDZNAXS88UALR,5.0,Excellent quality,Got this on a deal. unique designs and stylish. Suitable for weeklong use.,User_90142,Reviewed in India on 10 May 2025,True,0,0.5719,positive,"{""design"": ""positive""}"
B0CDMWS81B,Nasher Miles,R6VFH3MI2DNOD,3.0,Mixed,Mixed feelings. Instagram-worthy but printed design scratched. 3 stars overall.,User_39489,Reviewed in India on 15 Feb 2025,True,0,0.0,neutral,"{""design"": ""negative"", ""value"": ""negative""}"
B0CDMWS81B,Nasher Miles,RR4SIP4B8J4ZX,5.0,Good buy,Got this on a deal. value for money and stylish. Suitable for weeklong use.,User_15300,Reviewed in India on 10 Feb 2025,True,0,0.6486,positive,"{""design"": ""positive"", ""value"": ""positive""}"
B0CDMWS81B,Nasher Miles,RUV41AMISU1O6,5.0,Good buy,Bought this last month and used for business. Instagram-worthy. value for money. Worth the price.,User_44370,Reviewed in India on 18 Jul 2025,True,12,0.7351,positive,"{""value"": ""neutral""}"
B0CDMWS81B,Nasher Miles,RKGRMM0YTMV82,2.0,Poor quality,Looks good in pictures but zipper stiff. Also zipper stiff. Returning.,User_42592,Reviewed in India on 26 Oct 2025,True,1,-0.0258,neutral,"{""zipper"": ""negative"", ""design"": ""positive""}"
B0CDMWS81B,Nasher Miles,R9A7ABFLXV5CI,5.0,Good buy,Bought this last month and used for short. unique designs. TSA lock works. Worth the price.,User_85233,Reviewed in India on 27 Feb 2025,True,5,0.5859,positive,"{""design"": ""neutral"", ""lock"": ""positive"", ""value"": ""positive""}"
B0CDMWS81B,Nasher Miles,RWP0YKKSWNWZF,4.0,Worth the money,Got this on a deal. lightweight and unique designs. Suitable for business use.,User_91486,Reviewed in India on 8 Jul 2025,True,1,0.2263,positive,"{""weight"": ""positive"", ""design"": ""positive"", ""value"": ""positive""}"
B0CDMWS81B,Nasher Miles,RNS0GNH8S2GT3,5.0,Worth the money,Quality is good for the price. stylish. Instagram-worthy. Happy with the purchase.,User_97606,Reviewed in India on 5 Apr 2025,True,0,0.8176,positive,"{""design"": ""positive"", ""value"": ""positive""}"
B0RHTMT1OZ,Nasher Miles,RS1YQ6T0OTGPE,4.0,Great product,Very happy with this purchase. good colors and stylish. Used for a business trip and worked perfectly. Recommended.,User_62442,Reviewed in India on 6 Feb 2025,True,0,0.9516,positive,"{""design"": ""positive""}"
B0RHTMT1OZ,Nasher Miles,R87LGUUW05802,5.0,Worth the money,Good buy at this price. value for money. Instagram-worthy. Will buy again from this brand.,User_87146,Reviewed in India on 28 Oct 2025,True,0,0.7351,positive,"{""value"": ""positive""}"
B0RHTMT1OZ,Nasher Miles,R824TL7JE0Q0R,4.0,Happy with purchase,"Excellent product. good colors, Instagram-worthy. Delivery was on time and packaging was good.",User_22176,Reviewed in India on 26 Jul 2025,True,12,0.9217,positive,"{""design"": ""positive"", ""value"": ""positive""}"
B0RHTMT1OZ,Nasher Miles,RW0GQ34PGGCBI,4.0,Good buy,"value for money. After 2 weeks of use, no issues. TSA lock works. 4 stars.",User_79105,Reviewed in India on 15 Sep 2025,False,2,0.4767,positive,"{""lock"": ""positive"", ""value"": ""neutral""}"
B0RHTMT1OZ,Nasher Miles,RIF31D2O25TG5,5.0,Excellent quality,Got this on a deal. stylish and value for money. Suitable for business use.,User_35774,Reviewed in India on 25 Sep 2025,True,2,0.7269,positive,"{""design"": ""positive"", ""value"": ""positive""}"
B0RHTMT1OZ,Nasher Miles,RYYZ5YMIT7272,3.0,Has pros and cons,Decent product. value for money but unfortunately zipper stiff. 3 stars.,User_6300,Reviewed in India on 7 Jan 2025,True,0,-0.34,negative,"{""zipper"": ""negative"", ""value"": ""negative""}"
B0RHTMT1OZ,Nasher Miles,RC4FH065AFU20,2.0,Returned,interior could be better organized within first month. printed design scratched. Going for a different brand next time.,User_77923,Reviewed in India on 24 Jun 2025,True,0,0.4404,positive,"{""size_capacity"": ""neutral"", ""design"": ""negative""}"
B0RHTMT1OZ,Nasher Miles,R6U9CYRVEOW0E,4.0,Worth the money,Good buy at this price. unique designs. value for money. Will buy again from this brand.,User_21631,Reviewed in India on 4 Aug 2025,True,2,0.7351,positive,"{""design"": ""neutral"", ""value"": ""positive""}"
B0RHTMT1OZ,Nasher Miles,RD6BWBEM0TPI7,4.0,Good buy,Bought this last month and used for family. unique designs. unique designs. Worth the price.,User_98881,Reviewed in India on 24 Apr 2025,True,1,0.5859,positive,"{""design"": ""neutral"", ""value"": ""positive""}"
B01D1KDK2Y,Nasher Miles,RZ4C0X2HYVEZR,5.0,Highly recommended,Good buy at this price. Instagram-worthy. TSA lock works. Will buy again from this brand.,User_3239,Reviewed in India on 25 Feb 2025,True,0,0.6453,positive,"{""lock"": ""positive"", ""value"": ""positive""}"
B01D1KDK2Y,Nasher Miles,RN1E4JC0FFRBE,4.0,Highly recommended,Got this on a deal. value for money and good colors. Suitable for business use.,User_81511,Reviewed in India on 6 Aug 2025,True,0,0.7501,positive,"{""design"": ""positive"", ""value"": ""positive""}"
B01D1KDK2Y,Nasher Miles,RP5AIEKX6MJ53,5.0,Great product,Very happy with this purchase. lightweight and Instagram-worthy. Used for a short trip and worked perfectly. Recommended.,User_90712,Reviewed in India on 21 Jan 2025,True,2,0.9336,positive,"{""weight"": ""positive"", ""value"": ""positive""}"
B01D1KDK2Y,Nasher Miles,R8U1QP2WNV2MK,4.0,Good buy,Bought this last month and used for international. unique designs. value for money. Worth the price.,User_23607,Reviewed in India on 8 May 2025,True,0,0.7351,positive,"{""design"": ""neutral"", ""value"": ""neutral""}"
B01D1KDK2Y,Nasher Miles,RT12SBA62TDO1,1.0,Not worth it,Looks good in pictures but printed design scratched. Also printed design scratched. Returning.,User_12793,Reviewed in India on 16 Mar 2025,True,0,0.1573,positive,"{""design"": ""positive"", ""value"": ""positive""}"
B01D1KDK2Y,Nasher Miles,RBZ9ZQHBQIQIC,4.0,Excellent quality,Got this on a deal. lightweight and unique designs. Suitable for domestic use.,User_7265,Reviewed in India on 27 May 2025,True,1,0.5719,positive,"{""weight"": ""positive"", ""design"": ""positive""}"
B01D1KDK2Y,Nasher Miles,RAUGTTMPPJBEA,4.0,Worth the money,Quality is good for the price. stylish. unique designs. Happy with the purchase.,User_27078,Reviewed in India on 22 Apr 2025,True,0,0.8176,positive,"{""design"": ""positive"", ""value"": ""positive""}"
B01D1KDK2Y,Nasher Miles,R3CVS3ZRB9OPL,2.0,Returned,"After 3 months of light use, zipper stiff. Customer service was slow to respond.",User_44297,Reviewed in India on 21 Oct 2025,True,0,0.0,neutral,"{""zipper"": ""negative"", ""weight"": ""negative""}"
B0VT7CZ14W,Nasher Miles,R9WXHVY3NUKON,5.0,Excellent quality,Used it for a business trip. lightweight. The TSA lock works part is really impressive.,User_14051,Reviewed in India on 5 Apr 2025,True,12,0.807,positive,"{""weight"": ""positive"", ""lock"": ""positive""}"
B0VT7CZ14W,Nasher Miles,RLG08YVU69QAZ,5.0,Loved it,Good buy at this price. stylish. TSA lock works. Will buy again from this brand.,User_35617,Reviewed in India on 6 Jul 2025,True,12,0.7783,positive,"{""design"": ""positive"", ""lock"": ""positive"", ""value"": ""positive""}"
B0VT7CZ14W,Nasher Miles,R4DO4XXWXJ46T,4.0,Excellent quality,Very happy with this purchase. value for money and lightweight. Used for a weeklong trip and worked perfectly. Recommended.,User_11969,Reviewed in India on 8 Jun 2025,True,2,0.9441,positive,"{""weight"": ""positive"", ""value"": ""positive""}"
B0VT7CZ14W,Nasher Miles,R80TW87S34876,5.0,Good buy,Used it for a weekend trip. stylish. The unique designs part is really impressive.,User_40860,Reviewed in India on 18 Mar 2025,True,0,0.7574,positive,"{""design"": ""positive""}"
B0VT7CZ14W,Nasher Miles,RN7TCATPLX3GG,2.0,Bad experience,Quality is not as expected. wheels could be better. zipper stiff. Below average product.,User_74849,Reviewed in India on 3 May 2025,True,0,-0.1531,negative,"{""wheels"": ""neutral"", ""zipper"": ""negative""}"
B0VT7CZ14W,Nasher Miles,R2VP6F0O7Y4XB,3.0,Has pros and cons,Mixed feelings. stylish but zipper stiff. 3 stars overall.,User_6653,Reviewed in India on 19 Jun 2025,True,0,0.0,neutral,"{""zipper"": ""negative"", ""design"": ""positive""}"
B0VT7CZ14W,Nasher Miles,RPRTIRY3TI0M2,1.0,Poor quality,Quality is not as expected. zipper stiff. printed design scratched. Below average product.,User_61324,Reviewed in India on 19 Jul 2025,True,1,-0.4767,negative,"{""zipper"": ""negative"", ""design"": ""negative""}"
B0VT7CZ14W,Nasher Miles,RTZ7PJSFPFMNF,2.0,Returned,Got delivered fine but interior could be better organized. Definitely not worth the price. Avoid.,User_47605,Reviewed in India on 19 Apr 2025,True,0,0.6125,positive,"{""size_capacity"": ""neutral"", ""value"": ""positive""}"
B0VT7CZ14W,Nasher Miles,RZIBP9OF9SVCA,4.0,Excellent quality,Good buy at this price. good colors. value for money. Will buy again from this brand.,User_9311,Reviewed in India on 3 May 2025,True,30,0.8979,positive,"{""design"": ""positive"", ""value"": ""positive""}"
B0VT7CZ14W,Nasher Miles,RXF3HOIROAGI7,5.0,Excellent quality,Good buy at this price. good colors. Instagram-worthy. Will buy again from this brand.,User_43102,Reviewed in India on 18 Sep 2025,True,0,0.8591,positive,"{""design"": ""positive"", ""value"": ""positive""}"
B0VT7CZ14W,Nasher Miles,RRJWPX5ZJ2O4Q,1.0,Poor quality,Used only for one trip and interior could be better organized. interior could be better organized. Not recommended.,User_98037,Reviewed in India on 16 Feb 2025,True,0,0.2751,positive,"{""size_capacity"": ""neutral""}"
B05QTDCJS9,Nasher Miles,RLSUY5LV92BEE,3.0,Average,"Instagram-worthy, however zipper stiff. Decide based on your needs.",User_79526,Reviewed in India on 22 Mar 2025,True,1,0.0,neutral,"{""zipper"": ""negative"", ""value"": ""negative""}"
B05QTDCJS9,Nasher Miles,RCCYC3T13HLOZ,4.0,Great product,Quality is good for the price. Instagram-worthy. unique designs. Happy with the purchase.,User_17484,Reviewed in India on 4 Sep 2025,True,0,0.8934,positive,"{""design"": ""neutral"", ""value"": ""positive""}"
B05QTDCJS9,Nasher Miles,RXKETUGKNN520,4.0,Happy with purchase,Very happy with this purchase. unique designs and unique designs. Used for a business trip and worked perfectly. Recommended.,User_73974,Reviewed in India on 20 Jul 2025,True,0,0.9286,positive,"{""design"": ""neutral""}"
B05QTDCJS9,Nasher Miles,RL5RPTBQ818GS,5.0,Highly recommended,"Excellent product. unique designs, TSA lock works. Delivery was on time and packaging was good.",User_80771,Reviewed in India on 1 Jul 2025,True,5,0.839,positive,"{""design"": ""positive"", ""lock"": ""positive""}"
B05QTDCJS9,Nasher Miles,RGPZBOMVIBZYF,5.0,Happy with purchase,Quality is good for the price. TSA lock works. stylish. Happy with the purchase.,User_25476,Reviewed in India on 4 Mar 2025,True,0,0.8834,positive,"{""design"": ""positive"", ""lock"": ""positive"", ""value"": ""positive""}"
B05QTDCJS9,Nasher Miles,RELCACK9D643J,1.0,Returned,Looks good in pictures but zipper stiff. Also interior could be better organized. Returning.,User_68773,Reviewed in India on 21 Jul 2025,False,0,0.7003,positive,"{""zipper"": ""negative"", ""size_capacity"": ""neutral"", ""design"": ""positive""}"
B05QTDCJS9,Nasher Miles,RZ9E5GV7P2A2Q,1.0,Returned,Disappointed. zipper stiff. Returning the product. Expected better at this price.,User_95146,Reviewed in India on 14 May 2025,False,1,-0.0516,negative,"{""zipper"": ""negative"", ""value"": ""neutral""}"
B05QTDCJS9,Nasher Miles,RJ05MPZ05TQM3,4.0,Excellent quality,Bought this last month and used for domestic. stylish. unique designs. Worth the price.,User_23125,Reviewed in India on 12 May 2025,False,0,0.6808,positive,"{""design"": ""positive"", ""value"": ""positive""}"
B05QTDCJS9,Nasher Miles,R29JB8JXKQ054,5.0,Highly recommended,Good buy at this price. value for money. good colors. Will buy again from this brand.,User_11053,Reviewed in India on 4 Mar 2025,False,0,0.8615,positive,"{""design"": ""positive"", ""value"": ""positive""}"
B05QTDCJS9,Nasher Miles,RQ6OHXXYFGG3T,3.0,Mixed,Decent product. good colors but unfortunately zipper stiff. 3 stars.,User_90795,Reviewed in India on 6 Feb 2025,False,0,-0.2846,negative,"{""zipper"": ""negative"", ""design"": ""positive""}"
B05QTDCJS9,Nasher Miles,R3JZGN99LT3J6,5.0,Worth the money,Bought this last month and used for family. value for money. TSA lock works. Worth the price.,User_44387,Reviewed in India on 28 Apr 2025,False,0,0.6369,positive,"{""lock"": ""positive"", ""value"": ""positive""}"
B09KJYMJBT,Nasher Miles,RT8SJTNWU9S15,3.0,Okay product,"Has its pros and cons. stylish. On the negative side, printed design scratched.",User_91518,Reviewed in India on 20 Jan 2025,True,30,-0.4215,negative,"{""design"": ""positive""}"
B09KJYMJBT,Nasher Miles,RYJI359T8ZGEH,5.0,Good buy,Used it for a weeklong trip. unique designs. The good colors part is really impressive.,User_73973,Reviewed in India on 21 Apr 2025,True,0,0.8553,positive,"{""design"": ""neutral""}"
B09KJYMJBT,Nasher Miles,RTB7F5HG57ZUH,5.0,Happy with purchase,Bought this last month and used for short. stylish. unique designs. Worth the price.,User_20097,Reviewed in India on 4 Jan 2025,True,0,0.6808,positive,"{""design"": ""positive"", ""value"": ""positive""}"
B09KJYMJBT,Nasher Miles,RQNBB4V57YZET,5.0,Good buy,Very happy with this purchase. unique designs and Instagram-worthy. Used for a business trip and worked perfectly. Recommended.,User_39728,Reviewed in India on 7 Jun 2025,True,0,0.9168,positive,"{""design"": ""neutral"", ""value"": ""neutral""}"
B09KJYMJBT,Nasher Miles,R7V12J21TELO9,5.0,Happy with purchase,"good colors. After 2 weeks of use, no issues. Instagram-worthy. 4 stars.",User_42470,Reviewed in India on 27 Feb 2025,True,0,0.6597,positive,"{""design"": ""positive"", ""value"": ""neutral""}"
B09KJYMJBT,Nasher Miles,RN378VPCAYP9Y,1.0,Not worth it,zipper stiff within first month. wheels could be better. Going for a different brand next time.,User_56323,Reviewed in India on 9 Feb 2025,True,5,0.3036,positive,"{""wheels"": ""neutral"", ""zipper"": ""negative"", ""value"": ""positive""}"
B09KJYMJBT,Nasher Miles,R679AQLO36JWB,4.0,Loved it,Bought this last month and used for short. Instagram-worthy. unique designs. Worth the price.,User_81632,Reviewed in India on 1 Jun 2025,True,2,0.7003,positive,"{""design"": ""neutral"", ""value"": ""neutral""}"
B09KJYMJBT,Nasher Miles,R0UONQAIPT6UR,5.0,Excellent quality,"value for money. After 2 weeks of use, no issues. stylish. 4 stars.",User_90407,Reviewed in India on 22 Aug 2025,True,0,0.5994,positive,"{""design"": ""positive"", ""value"": ""neutral""}"
B09KJYMJBT,Nasher Miles,RCQNYIADPZ9Q8,5.0,Loved it,Quality is good for the price. stylish. good colors. Happy with the purchase.,User_69416,Reviewed in India on 19 Sep 2025,True,0,0.9246,positive,"{""design"": ""positive"", ""value"": ""positive""}"
B09KJYMJBT,Nasher Miles,R72NS8ERKD0RN,5.0,Worth the money,Very happy with this purchase. TSA lock works and value for money. Used for a international trip and worked perfectly. Recommended.,User_25232,Reviewed in India on 26 Feb 2025,True,1,0.923,positive,"{""lock"": ""positive"", ""value"": ""positive""}"
B09KJYMJBT,Nasher Miles,RPGF7MVQ356J0,2.0,Disappointed,"After 3 months of light use, printed design scratched. Customer service was slow to respond.",User_35917,Reviewed in India on 5 Feb 2025,True,0,-0.4767,negative,"{""weight"": ""negative"", ""design"": ""negative""}"
B09KJYMJBT,Nasher Miles,RE4F4N3ZA0CO7,5.0,Excellent quality,Very happy with this purchase. good colors and lightweight. Used for a weeklong trip and worked perfectly. Recommended.,User_45849,Reviewed in India on 14 May 2025,False,0,0.9485,positive,"{""weight"": ""positive"", ""design"": ""positive""}"
B0V55KCRX6,Nasher Miles,RCMUZ8DU9V45D,2.0,Not worth it,"After 3 months of light use, printed design scratched. Customer service was slow to respond.",User_87106,Reviewed in India on 3 Jun 2025,True,0,-0.1695,negative,"{""weight"": ""negative"", ""design"": ""negative"", ""value"": ""positive""}"
B0V55KCRX6,Nasher Miles,REBQ3VYAR63X5,2.0,Bad experience,Used only for one trip and zipper stiff. printed design scratched. Not recommended.,User_76235,Reviewed in India on 26 May 2025,True,0,-0.6239,negative,"{""zipper"": ""negative"", ""design"": ""negative""}"
B0V55KCRX6,Nasher Miles,ROTH4MVKQE4DW,5.0,Good buy,"Excellent product. TSA lock works, value for money. Delivery was on time and packaging was good.",User_95496,Reviewed in India on 17 Mar 2025,False,0,0.8979,positive,"{""lock"": ""positive"", ""value"": ""positive""}"
B0V55KCRX6,Nasher Miles,RBLF1XOYC6H52,5.0,Great product,Good buy at this price. TSA lock works. Instagram-worthy. Will buy again from this brand.,User_48178,Reviewed in India on 15 May 2025,True,5,0.7906,positive,"{""lock"": ""positive"", ""value"": ""positive""}"
B0V55KCRX6,Nasher Miles,R59P0QVHZJKTH,5.0,Good buy,"Excellent product. lightweight, value for money. Delivery was on time and packaging was good.",User_40798,Reviewed in India on 6 Jun 2025,True,0,0.8979,positive,"{""weight"": ""positive"", ""value"": ""positive""}"
B0V55KCRX6,Nasher Miles,RTLB37ZOQMC8F,2.0,Disappointed,interior could be better organized within first month. zipper stiff. Going for a different brand next time.,User_74999,Reviewed in India on 6 Jan 2025,True,1,-0.0516,negative,"{""zipper"": ""negative"", ""size_capacity"": ""neutral""}"
B0V55KCRX6,Nasher Miles,RLA9DI89QSNVY,5.0,Happy with purchase,Bought this last month and used for short. unique designs. lightweight. Worth the price.,User_19654,Reviewed in India on 11 May 2025,True,0,0.6808,positive,"{""weight"": ""positive"", ""design"": ""neutral"", ""value"": ""positive""}"
B0V55KCRX6,Nasher Miles,RZNI37ZCGACEP,5.0,Good buy,"Excellent product. stylish, Instagram-worthy. Delivery was on time and packaging was good.",User_42123,Reviewed in India on 26 Oct 2025,True,12,0.8591,positive,"{""design"": ""positive"", ""value"": ""positive""}"
B0V55KCRX6,Nasher Miles,RHZG58XYJWWBK,5.0,Highly recommended,Very happy with this purchase. unique designs and good colors. Used for a weekend trip and worked perfectly. Recommended.,User_65528,Reviewed in India on 4 Aug 2025,True,2,0.9354,positive,"{""design"": ""positive""}"
B0V55KCRX6,Nasher Miles,RNBI1CAO8W81A,5.0,Happy with purchase,Got this on a deal. Instagram-worthy and Instagram-worthy. Suitable for business use.,User_91443,Reviewed in India on 19 Feb 2025,True,0,0.5719,positive,"{""value"": ""neutral""}"
B0V55KCRX6,Nasher Miles,RCKWDHX5WGTM1,2.0,Not worth it,Looks good in pictures but printed design scratched. Also interior could be better organized. Returning.,User_49994,Reviewed in India on 22 Oct 2025,True,0,0.667,positive,"{""size_capacity"": ""neutral"", ""design"": ""positive"", ""value"": ""positive""}"
B0U76TCNPJ,Nasher Miles,ROQ14MAFMAR9L,4.0,Great product,Got this on a deal. TSA lock works and stylish. Suitable for weekend use.,User_18040,Reviewed in India on 13 Mar 2025,True,0,0.6249,positive,"{""design"": ""positive"", ""lock"": ""positive""}"
B0U76TCNPJ,Nasher Miles,RF2L4C0BB6PYM,5.0,Loved it,"Excellent product. Instagram-worthy, value for money. Delivery was on time and packaging was good.",User_1736,Reviewed in India on 21 Sep 2025,True,0,0.9169,positive,"{""value"": ""neutral""}"
B0U76TCNPJ,Nasher Miles,RHE7KY87Q19U9,4.0,Good buy,Bought this last month and used for family. unique designs. lightweight. Worth the price.,User_60132,Reviewed in India on 11 Oct 2025,False,0,0.5859,positive,"{""weight"": ""positive"", ""design"": ""neutral"", ""value"": ""positive""}"
B0U76TCNPJ,Nasher Miles,RI4P2GAYQMGJ9,5.0,Great product,Quality is good for the price. good colors. stylish. Happy with the purchase.,User_4232,Reviewed in India on 23 Oct 2025,True,5,0.9274,positive,"{""design"": ""positive"", ""value"": ""positive""}"
B0U76TCNPJ,Nasher Miles,RAGZGXVXC6SEU,5.0,Excellent quality,"Excellent product. stylish, Instagram-worthy. Delivery was on time and packaging was good.",User_65072,Reviewed in India on 24 Jan 2025,True,1,0.8834,positive,"{""design"": ""positive"", ""value"": ""positive""}"
B0U76TCNPJ,Nasher Miles,RTCVL0YQZDUBB,5.0,Highly recommended,Quality is good for the price. stylish. value for money. Happy with the purchase.,User_45521,Reviewed in India on 8 Aug 2025,True,2,0.8777,positive,"{""design"": ""positive"", ""value"": ""positive""}"
B0U76TCNPJ,Nasher Miles,RRGSL55X9E0RA,4.0,Excellent quality,Quality is good for the price. value for money. stylish. Happy with the purchase.,User_24282,Reviewed in India on 18 Apr 2025,True,1,0.9136,positive,"{""design"": ""positive"", ""value"": ""positive""}"
B0U76TCNPJ,Nasher Miles,RJJRKHE0SDP8M,3.0,Mixed,"stylish, however wheels could be better. Decide based on your needs.",User_79963,Reviewed in India on 23 Apr 2025,True,1,0.4404,positive,"{""wheels"": ""positive"", ""design"": ""positive""}"
B0F4EPM7ZD,Nasher Miles,RI3QM6DTECAFV,5.0,Excellent quality,Very happy with this purchase. good colors and Instagram-worthy. Used for a weeklong trip and worked perfectly. Recommended.,User_55488,Reviewed in India on 22 Feb 2025,True,0,0.9485,positive,"{""design"": ""positive"", ""value"": ""positive""}"
B0F4EPM7ZD,Nasher Miles,RE2J403CNFU2H,5.0,Worth the money,"Excellent product. value for money, Instagram-worthy. Delivery was on time and packaging was good.",User_16534,Reviewed in India on 14 Aug 2025,True,0,0.872,positive,"{""value"": ""positive""}"
B0F4EPM7ZD,Nasher Miles,R5BIOFU2NCU22,5.0,Loved it,Quality is good for the price. TSA lock works. lightweight. Happy with the purchase.,User_40387,Reviewed in India on 21 Jan 2025,True,0,0.8885,positive,"{""weight"": ""positive"", ""lock"": ""positive"", ""value"": ""positive""}"
B0F4EPM7ZD,Nasher Miles,RPAXNQEGE5EKF,2.0,Bad experience,Quality is not as expected. wheels could be better. wheels could be better. Below average product.,User_29369,Reviewed in India on 26 Jul 2025,True,5,0.3182,positive,"{""wheels"": ""neutral""}"
B0F4EPM7ZD,Nasher Miles,RFY4W8TR98W07,2.0,Avoid,Quality is not as expected. interior could be better organized. interior could be better organized. Below average product.,User_20335,Reviewed in India on 21 Apr 2025,True,5,0.5574,positive,"{""size_capacity"": ""neutral""}"
B0F4EPM7ZD,Nasher Miles,RU25Z8KQ86YNI,3.0,Okay product,Decent product. good colors but unfortunately wheels could be better. 3 stars.,User_33181,Reviewed in India on 9 Apr 2025,False,0,0.4854,positive,"{""wheels"": ""positive"", ""design"": ""positive""}"
B0F4EPM7ZD,Nasher Miles,RONZNQ06UJLQV,3.0,Average,Mixed feelings. unique designs but interior could be better organized. 3 stars overall.,User_95444,Reviewed in India on 26 May 2025,True,12,0.5927,positive,"{""size_capacity"": ""neutral"", ""design"": ""neutral""}"
B0F4EPM7ZD,Nasher Miles,RNQ4O7VS8CHKC,1.0,Returned,Used only for one trip and interior could be better organized. wheels could be better. Not recommended.,User_45991,Reviewed in India on 10 Jun 2025,True,1,0.6379,positive,"{""wheels"": ""neutral"", ""size_capacity"": ""neutral""}"
B0F4EPM7ZD,Nasher Miles,RGOF2NNKQE7A5,4.0,Highly recommended,"value for money. After 2 weeks of use, no issues. unique designs. 4 stars.",User_37199,Reviewed in India on 5 Apr 2025,True,2,0.376,positive,"{""design"": ""neutral"", ""value"": ""neutral""}"
B0F4EPM7ZD,Nasher Miles,R98XVI673KLLZ,1.0,Not worth it,Looks good in pictures but printed design scratched. Also interior could be better organized. Returning.,User_8318,Reviewed in India on 15 Oct 2025,True,1,0.667,positive,"{""size_capacity"": ""neutral"", ""design"": ""positive"", ""value"": ""positive""}"
B07FENTD7K,Nasher Miles,RXFX3AT253IQQ,5.0,Worth the money,Used it for a family trip. unique designs. The unique designs part is really impressive.,User_76668,Reviewed in India on 14 Jul 2025,True,0,0.6697,positive,"{""design"": ""neutral"", ""value"": ""positive""}"
B07FENTD7K,Nasher Miles,R7WMFPTA7LS9B,4.0,Great product,"unique designs. After 2 weeks of use, no issues. Instagram-worthy. 4 stars.",User_20920,Reviewed in India on 16 Mar 2025,True,0,0.4404,positive,"{""design"": ""neutral"", ""value"": ""neutral""}"
B07FENTD7K,Nasher Miles,RK8YE71TWD96H,5.0,Excellent quality,Good buy at this price. unique designs. lightweight. Will buy again from this brand.,User_26967,Reviewed in India on 13 Oct 2025,True,2,0.765,positive,"{""weight"": ""positive"", ""design"": ""neutral"", ""value"": ""positive""}"
B07FENTD7K,Nasher Miles,R042MZ8M6XHIG,4.0,Excellent quality,Very happy with this purchase. value for money and Instagram-worthy. Used for a domestic trip and worked perfectly. Recommended.,User_84877,Reviewed in India on 23 Aug 2025,True,1,0.9441,positive,"{""value"": ""neutral""}"
B07FENTD7K,Nasher Miles,R4Y32HMEPDMBO,2.0,Poor quality,Used only for one trip and printed design scratched. interior could be better organized. Not recommended.,User_7416,Reviewed in India on 18 Aug 2025,True,0,-0.2003,negative,"{""size_capacity"": ""neutral"", ""design"": ""negative""}"
B07FENTD7K,Nasher Miles,R3HBAEOM43T6U,5.0,Worth the money,Bought this last month and used for weeklong. TSA lock works. value for money. Worth the price.,User_74429,Reviewed in India on 21 Mar 2025,True,12,0.6369,positive,"{""lock"": ""positive"", ""value"": ""positive""}"
B07FENTD7K,Nasher Miles,R42RL1EH8HYF8,5.0,Excellent quality,Quality is good for the price. Instagram-worthy. TSA lock works. Happy with the purchase.,User_94332,Reviewed in India on 17 Jan 2025,True,2,0.8834,positive,"{""lock"": ""positive"", ""value"": ""positive""}"
B07FENTD7K,Nasher Miles,RUZXY4G8ON3W9,5.0,Happy with purchase,Got this on a deal. value for money and Instagram-worthy. Suitable for weeklong use.,User_28664,Reviewed in India on 12 Jan 2025,False,0,0.7269,positive,"{""value"": ""neutral""}"
B07FENTD7K,Nasher Miles,REBO2J3AYIUKE,2.0,Avoid,Looks good in pictures but wheels could be better. Also printed design scratched. Returning.,User_74621,Reviewed in India on 11 Mar 2025,True,1,0.6369,positive,"{""wheels"": ""positive"", ""design"": ""positive""}"
B0OUZXNLJR,Nasher Miles,RUYUN9VQR2C23,5.0,Great product,Got this on a deal. good colors and lightweight. Suitable for international use.,User_3380,Reviewed in India on 9 Mar 2025,True,0,0.7906,positive,"{""weight"": ""positive"", ""design"": ""positive""}"
B0OUZXNLJR,Nasher Miles,RDL7U1P8OTXOU,5.0,Happy with purchase,Used it for a short trip. unique designs. The stylish part is really impressive.,User_69579,Reviewed in India on 16 Apr 2025,True,0,0.807,positive,"{""design"": ""neutral""}"
B0OUZXNLJR,Nasher Miles,RXYB8Z8TRTM47,1.0,Returned,wheels could be better within first month. wheels could be better. Going for a different brand next time.,User_83701,Reviewed in India on 22 Oct 2025,False,1,0.7003,positive,"{""wheels"": ""neutral""}"
B0OUZXNLJR,Nasher Miles,RLBS0UMIFFVMA,4.0,Highly recommended,Bought this last month and used for family. Instagram-worthy. TSA lock works. Worth the price.,User_46757,Reviewed in India on 16 Jul 2025,True,0,0.4576,positive,"{""lock"": ""positive"", ""value"": ""neutral""}"
B0OUZXNLJR,Nasher Miles,RAPUOLXPOUV75,3.0,Mixed,"Has its pros and cons. lightweight. On the negative side, printed design scratched.",User_12668,Reviewed in India on 14 Apr 2025,True,0,-0.5719,negative,"{""weight"": ""positive"", ""design"": ""negative""}"
B0OUZXNLJR,Nasher Miles,RAILHHVNJPGQC,3.0,Mixed,Mixed feelings. good colors but interior could be better organized. 3 stars overall.,User_84229,Reviewed in India on 19 Jun 2025,True,1,0.7003,positive,"{""size_capacity"": ""positive"", ""design"": ""positive""}"
B0OUZXNLJR,Nasher Miles,RGMFFOHK94W6W,4.0,Great product,Got this on a deal. value for money and lightweight. Suitable for short use.,User_74346,Reviewed in India on 27 Oct 2025,True,1,0.7579,positive,"{""weight"": ""positive"", ""value"": ""positive""}"
B0OUZXNLJR,Nasher Miles,RJ670LJC6WO7V,4.0,Loved it,Quality is good for the price. stylish. good colors. Happy with the purchase.,User_99694,Reviewed in India on 20 Apr 2025,True,12,0.9246,positive,"{""design"": ""positive"", ""value"": ""positive""}"
B0OUZXNLJR,Nasher Miles,RJSYXUFBLPVR7,5.0,Good buy,"stylish. After 2 weeks of use, no issues. value for money. 4 stars.",User_76447,Reviewed in India on 22 Sep 2025,True,5,-0.0864,negative,"{""design"": ""positive"", ""value"": ""neutral""}"
B0YERBL6SG,Nasher Miles,RVU3F0MEE0Q45,5.0,Happy with purchase,"lightweight. After 2 weeks of use, no issues. unique designs. 4 stars.",User_70306,Reviewed in India on 23 Oct 2025,True,0,0.3612,positive,"{""weight"": ""positive"", ""design"": ""neutral""}"
B0YERBL6SG,Nasher Miles,RCUHCZTGZOHC7,5.0,Loved it,Used it for a family trip. unique designs. The value for money part is really impressive.,User_73185,Reviewed in India on 12 Jan 2025,False,0,0.8718,positive,"{""design"": ""neutral"", ""value"": ""neutral""}"
B0YERBL6SG,Nasher Miles,R4HQGOXAIQUSY,5.0,Great product,"Excellent product. Instagram-worthy, Instagram-worthy. Delivery was on time and packaging was good.",User_87249,Reviewed in India on 13 Sep 2025,True,0,0.8934,positive,"{""value"": ""neutral""}"
B0YERBL6SG,Nasher Miles,R4NUB5XX9PKQG,2.0,Bad experience,Got delivered fine but interior could be better organized. Definitely not worth the price. Avoid.,User_5920,Reviewed in India on 10 Apr 2025,True,0,0.412,positive,"{""size_capacity"": ""neutral"", ""value"": ""positive""}"
B0YERBL6SG,Nasher Miles,RU7PMQM57FHSF,5.0,Loved it,Got this on a deal. unique designs and stylish. Suitable for domestic use.,User_31641,Reviewed in India on 1 Mar 2025,True,0,0.5994,positive,"{""design"": ""positive""}"
B0YERBL6SG,Nasher Miles,RHOP0E62N3PP1,4.0,Worth the money,Good buy at this price. unique designs. stylish. Will buy again from this brand.,User_80910,Reviewed in India on 20 Jun 2025,True,0,0.5859,positive,"{""design"": ""neutral"", ""value"": ""positive""}"
B0YERBL6SG,Nasher Miles,RC660UJRIHZ8E,1.0,Not worth it,"After 3 months of light use, interior could be better organized. Customer service was slow to respond.",User_17653,Reviewed in India on 18 May 2025,True,12,0.3036,positive,"{""size_capacity"": ""neutral"", ""weight"": ""neutral"", ""value"": ""positive""}"
B0BNP5O3XT,Nasher Miles,RNXI5P2QFS7GL,2.0,Not worth it,wheels could be better within first month. interior could be better organized. Going for a different brand next time.,User_6256,Reviewed in India on 26 Oct 2025,True,0,0.629,positive,"{""wheels"": ""neutral"", ""size_capacity"": ""neutral"", ""value"": ""positive""}"
B0BNP5O3XT,Nasher Miles,R8RWQ1CGEDBT8,5.0,Worth the money,"value for money. After 2 weeks of use, no issues. Instagram-worthy. 4 stars.",User_6500,Reviewed in India on 8 Jun 2025,False,1,0.2732,positive,"{""value"": ""positive""}"
B0BNP5O3XT,Nasher Miles,R5RY27VMVWJMV,2.0,Not worth it,Disappointed. printed design scratched. Returning the product. Expected better at this price.,User_97366,Reviewed in India on 25 Feb 2025,True,0,0.5842,positive,"{""design"": ""negative"", ""value"": ""positive""}"
B0BNP5O3XT,Nasher Miles,RUGA4FEGYYJ5N,5.0,Worth the money,Quality is good for the price. Instagram-worthy. good colors. Happy with the purchase.,User_26212,Reviewed in India on 7 Jan 2025,True,2,0.886,positive,"{""design"": ""positive"", ""value"": ""positive""}"
B0BNP5O3XT,Nasher Miles,RSSSULJAF4WNS,4.0,Highly recommended,"lightweight. After 2 weeks of use, no issues. TSA lock works. 4 stars.",User_46791,Reviewed in India on 3 Oct 2025,True,0,-0.0276,neutral,"{""weight"": ""positive"", ""lock"": ""positive""}"
B0BNP5O3XT,Nasher Miles,RWH8VLIG7R2FM,1.0,Returned,"After 3 months of light use, wheels could be better. Customer service was slow to respond.",User_21134,Reviewed in India on 1 Jul 2025,True,0,0.4404,positive,"{""wheels"": ""neutral"", ""weight"": ""neutral""}"
B0BNP5O3XT,Nasher Miles,R0FVEL57OBVLX,4.0,Excellent quality,"Excellent product. unique designs, Instagram-worthy. Delivery was on time and packaging was good.",User_77226,Reviewed in India on 13 Apr 2025,True,0,0.8834,positive,"{""design"": ""neutral"", ""value"": ""neutral""}"
B0BNP5O3XT,Nasher Miles,R1GPCXWAYMH0I,1.0,Avoid,Looks good in pictures but wheels could be better. Also interior could be better organized. Returning.,User_71557,Reviewed in India on 25 Jan 2025,True,1,0.8422,positive,"{""wheels"": ""positive"", ""size_capacity"": ""neutral"", ""design"": ""positive""}"
B0BNP5O3XT,Nasher Miles,RD4D32NKX5ZT5,1.0,Avoid,wheels could be better within first month. printed design scratched. Going for a different brand next time.,User_72229,Reviewed in India on 14 Sep 2025,True,0,0.1779,positive,"{""wheels"": ""neutral"", ""design"": ""negative""}"
B0BNP5O3XT,Nasher Miles,RUCLLE4A2G76R,1.0,Poor quality,Quality is not as expected. printed design scratched. interior could be better organized. Below average product.,User_84660,Reviewed in India on 17 Aug 2025,True,0,-0.0516,negative,"{""size_capacity"": ""neutral"", ""design"": ""negative""}"
B0BNP5O3XT,Nasher Miles,ROL0V0HXEF73G,5.0,Loved it,Quality is good for the price. Instagram-worthy. lightweight. Happy with the purchase.,User_26337,Reviewed in India on 6 Jan 2025,True,0,0.8885,positive,"{""weight"": ""positive"", ""value"": ""positive""}"
